CD_MUNICIPIO,NM_MUNICIPIO,NR_ZONA,NM_CANDIDATO,QT_VOTOS_NOMINAIS
64912,IBIRAREMA,83,JAIR MESSIAS BOLSONARO,2629
67970,OURO VERDE,149,JAIR MESSIAS BOLSONARO,2244
67890,OSASCO,315,FERNANDO HADDAD,31898
69698,RIBEIRAO PRETO,305,FERNANDO HADDAD,18080
65870,JABOTICABAL,61,FERNANDO HADDAD,7937
62057,BARRA BONITA,200,FERNANDO HADDAD,4666
69051,PONTAL,135,FERNANDO HADDAD,5791
63355,CHARQUEADA,244,FERNANDO HADDAD,1865
64750,GUARUJA,310,FERNANDO HADDAD,23538
71170,SAO SEBASTIAO DA GRAMA,229,FERNANDO HADDAD,1695
63851,DOLCINOPOLIS,233,FERNANDO HADDAD,831
71471,SUD MENNUCCI,88,FERNANDO HADDAD,1739
61476,ANHUMAS,182,FERNANDO HADDAD,724
61557,ARACATUBA,11,FERNANDO HADDAD,9560
63690,CRUZEIRO,42,FERNANDO HADDAD,9254
71790,TARABAI,261,FERNANDO HADDAD,1704
64637,GUARANTA,31,FERNANDO HADDAD,947
63134,CARAPICUIBA,303,FERNANDO HADDAD,24336
64459,GUAICARA,297,FERNANDO HADDAD,1471
66559,LUIZIANIA,289,FERNANDO HADDAD,870
71072,SAO PAULO,381,FERNANDO HADDAD,82444
70718,SANTOS,272,FERNANDO HADDAD,20231
69159,PORTO FERREIRA,194,FERNANDO HADDAD,5502
61727,HORTOLANDIA,361,FERNANDO HADDAD,35843
61204,ILHA SOLTEIRA,368,FERNANDO HADDAD,4182
69116,PORANGABA,140,FERNANDO HADDAD,1109
64777,GUARULHOS,185,FERNANDO HADDAD,42657
63339,CESARIO LANGE,355,FERNANDO HADDAD,1466
61921,ZACARIAS,214,FERNANDO HADDAD,457
61212,ALTO ALEGRE,289,FERNANDO HADDAD,576
65854,JABORANDI,178,FERNANDO HADDAD,1280
62898,CAJURU,32,FERNANDO HADDAD,4320
62073,BARRA DO TURVO,228,FERNANDO HADDAD,1802
65234,IPEUNA,245,FERNANDO HADDAD,744
65536,ITAPIRA,54,FERNANDO HADDAD,7478
61859,AVAI,300,FERNANDO HADDAD,1120
70718,SANTOS,273,FERNANDO HADDAD,20461
69310,PRESIDENTE VENCESLAU,102,FERNANDO HADDAD,4254
71293,SERRA AZUL,109,FERNANDO HADDAD,1861
65650,ITARARE,57,FERNANDO HADDAD,5886
66451,LORENA,68,FERNANDO HADDAD,8929
65293,IRACEMAPOLIS,243,FERNANDO HADDAD,2732
71072,SAO PAULO,259,FERNANDO HADDAD,30825
71072,SAO PAULO,254,FERNANDO HADDAD,32009
66931,MERIDIANO,302,FERNANDO HADDAD,734
67792,OLIMPIA,80,FERNANDO HADDAD,6422
62910,CAMPINAS,274,FERNANDO HADDAD,16908
71218,SAO VICENTE,177,FERNANDO HADDAD,19673
66893,MAUA,339,FERNANDO HADDAD,25361
65250,IPORANGA,148,FERNANDO HADDAD,1195
66591,LUTECIA,12,FERNANDO HADDAD,677
71072,SAO PAULO,247,FERNANDO HADDAD,30096
61964,MESOPOLIS,427,FERNANDO HADDAD,447
68918,PITANGUEIRAS,98,FERNANDO HADDAD,5335
65692,ITATIBA,58,FERNANDO HADDAD,11253
68810,PIRANGI,76,FERNANDO HADDAD,1129
62421,RIBEIRAO DOS INDIOS,117,FERNANDO HADDAD,590
64033,EMBU-GUACU,370,FERNANDO HADDAD,12537
65714,ITATINGA,26,FERNANDO HADDAD,2481
61751,ARTUR NOGUEIRA,75,FERNANDO HADDAD,6342
67610,NOVA GRANADA,78,FERNANDO HADDAD,3403
62197,BAURU,23,FERNANDO HADDAD,18347
65552,ITAPOLIS,55,FERNANDO HADDAD,4029
64130,FERNANDO PRESTES,139,FERNANDO HADDAD,671
63550,CORUMBATAI,245,FERNANDO HADDAD,414
71072,SAO PAULO,258,FERNANDO HADDAD,31081
65773,ITOBI,39,FERNANDO HADDAD,1425
68675,PINHALZINHO,136,FERNANDO HADDAD,1364
65919,JACI,72,FERNANDO HADDAD,965
66958,MIGUELOPOLIS,208,FERNANDO HADDAD,4069
66494,LUCELIA,69,FERNANDO HADDAD,2091
69515,REGINOPOLIS,95,FERNANDO HADDAD,595
64157,FERRAZ DE VASCONCELOS,401,FERNANDO HADDAD,36186
69434,RAFARD,38,FERNANDO HADDAD,1022
71072,SAO PAULO,260,FERNANDO HADDAD,45445
61980,NOVA CAMPINA,53,FERNANDO HADDAD,1960
71218,SAO VICENTE,340,FERNANDO HADDAD,37742
70637,SANTO ANTONIO DO JARDIM,91,FERNANDO HADDAD,849
67890,OSASCO,213,FERNANDO HADDAD,14904
70572,SANTO ANDRE,306,FERNANDO HADDAD,18072
66273,LAGOINHA,128,FERNANDO HADDAD,949
66214,JUNQUEIROPOLIS,196,FERNANDO HADDAD,2297
69892,RUBIACEA,151,FERNANDO HADDAD,468
62553,BRAUNA,289,FERNANDO HADDAD,677
64530,GUAPIARA,37,FERNANDO HADDAD,4528
68179,PARANAPANEMA,301,FERNANDO HADDAD,3381
71072,SAO PAULO,373,FERNANDO HADDAD,44036
66699,MAIRINQUE,131,FERNANDO HADDAD,7040
71072,SAO PAULO,5,FERNANDO HADDAD,22716
64238,FLORINEA,290,FERNANDO HADDAD,714
68993,POLONI,77,FERNANDO HADDAD,772
62154,BASTOS,184,FERNANDO HADDAD,1970
67075,MIRASSOL,72,FERNANDO HADDAD,6403
62693,CABREUVA,59,FERNANDO HADDAD,5680
62022,LOURDES,214,FERNANDO HADDAD,428
71072,SAO PAULO,349,FERNANDO HADDAD,29400
66338,LAVRINHAS,42,FERNANDO HADDAD,1379
70270,SANTA CRUZ DAS PALMEIRAS,39,FERNANDO HADDAD,4002
64939,IBITINGA,49,FERNANDO HADDAD,6888
62910,CAMPINAS,380,FERNANDO HADDAD,23038
71358,SERTAOZINHO,135,FERNANDO HADDAD,17181
71498,SUMARE,362,FERNANDO HADDAD,27473
71935,TIMBURI,94,FERNANDO HADDAD,500
62634,BURITAMA,214,FERNANDO HADDAD,2393
62910,CAMPINAS,379,FERNANDO HADDAD,35467
70530,SANTA ROSA DE VITERBO,133,FERNANDO HADDAD,3554
70718,SANTOS,118,FERNANDO HADDAD,27093
66397,LIMEIRA,66,FERNANDO HADDAD,14132
61840,TAQUARIVAI,53,FERNANDO HADDAD,980
68578,PIEDADE,89,FERNANDO HADDAD,7451
68950,PLATINA,83,FERNANDO HADDAD,564
61395,ANALANDIA,245,FERNANDO HADDAD,556
67016,MIRA ESTRELA,224,FERNANDO HADDAD,569
61662,ESTIVA GERBI,216,FERNANDO HADDAD,1395
68039,PALMARES PAULISTA,111,FERNANDO HADDAD,1779
61972,BANANAL,18,FERNANDO HADDAD,2428
66818,MARILIA,400,FERNANDO HADDAD,12452
71056,SAO MIGUEL ARCANJO,318,FERNANDO HADDAD,4560
61760,ELISIARIO,40,FERNANDO HADDAD,444
61255,ALVARES MACHADO,182,FERNANDO HADDAD,3640
68250,PARIQUERA-ACU,228,FERNANDO HADDAD,2407
61450,ANHEMBI,41,FERNANDO HADDAD,884
72338,VARZEA PAULISTA,242,FERNANDO HADDAD,15480
63630,CRAVINHOS,293,FERNANDO HADDAD,3539
68730,PIRACAIA,92,FERNANDO HADDAD,2878
64254,FRANCA,291,FERNANDO HADDAD,21715
66397,LIMEIRA,399,FERNANDO HADDAD,13125
64777,GUARULHOS,395,FERNANDO HADDAD,31610
66737,MANDURI,94,FERNANDO HADDAD,1205
67555,NIPOA,77,FERNANDO HADDAD,913
69396,QUELUZ,42,FERNANDO HADDAD,1904
67130,MOGI DAS CRUZES,287,FERNANDO HADDAD,30542
64777,GUARULHOS,393,FERNANDO HADDAD,22820
71072,SAO PAULO,280,FERNANDO HADDAD,47919
67415,MORUNGABA,58,FERNANDO HADDAD,1355
71773,TAQUARITUBA,236,FERNANDO HADDAD,4108
72079,TURMALINA,233,FERNANDO HADDAD,475
63614,COTIA,286,FERNANDO HADDAD,14920
70572,SANTO ANDRE,383,FERNANDO HADDAD,29005
70050,SALTO,221,FERNANDO HADDAD,15501
61069,MOTUCA,239,FERNANDO HADDAD,981
65633,ITAQUAQUECETUBA,419,FERNANDO HADDAD,35932
67717,NOVO HORIZONTE,79,FERNANDO HADDAD,4435
68292,PAULICEIA,175,FERNANDO HADDAD,1182
71072,SAO PAULO,348,FERNANDO HADDAD,19589
71072,SAO PAULO,248,FERNANDO HADDAD,42211
64572,GUARACAI,153,FERNANDO HADDAD,1200
70939,SAO JOSE DO BARREIRO,18,FERNANDO HADDAD,1027
65013,IGARACU DO TIETE,200,FERNANDO HADDAD,3418
63096,CAPIVARI,38,FERNANDO HADDAD,5228
64114,FERNANDOPOLIS,150,FERNANDO HADDAD,9414
66079,JAU,63,FERNANDO HADDAD,12272
63576,COSMOPOLIS,360,FERNANDO HADDAD,9109
66893,MAUA,365,FERNANDO HADDAD,32825
68470,PENAPOLIS,87,FERNANDO HADDAD,7460
70033,SALMOURAO,69,FERNANDO HADDAD,934
66150,JOSE BONIFACIO,64,FERNANDO HADDAD,4393
61611,ARANDU,301,FERNANDO HADDAD,1206
68055,PALMEIRA D OESTE,232,FERNANDO HADDAD,1698
69418,QUINTANA,99,FERNANDO HADDAD,1051
70793,SAO CARLOS,410,FERNANDO HADDAD,18175
71072,SAO PAULO,403,FERNANDO HADDAD,30317
71714,TAPIRAI,89,FERNANDO HADDAD,1245
70998,SAO JOSE DOS CAMPOS,282,FERNANDO HADDAD,13900
64416,GETULINA,297,FERNANDO HADDAD,1414
67350,MONTEIRO LOBATO,282,FERNANDO HADDAD,844
63070,CAPELA DO ALTO,140,FERNANDO HADDAD,1976
69272,PRESIDENTE EPITACIO,195,FERNANDO HADDAD,5915
62910,CAMPINAS,423,FERNANDO HADDAD,17919
69795,RIO CLARO,288,FERNANDO HADDAD,10080
70572,SANTO ANDRE,263,FERNANDO HADDAD,25038
63797,DIVINOLANDIA,229,FERNANDO HADDAD,1519
71072,SAO PAULO,252,FERNANDO HADDAD,23352
62251,BERNARDINO DE CAMPOS,114,FERNANDO HADDAD,1386
63819,DOBRADA,170,FERNANDO HADDAD,1868
72397,VIRADOURO,98,FERNANDO HADDAD,2120
69779,RINOPOLIS,210,FERNANDO HADDAD,1079
70459,SANTANA DA PONTE PENSA,187,FERNANDO HADDAD,336
62090,BARRETOS,21,FERNANDO HADDAD,14354
66133,JOAO RAMALHO,106,FERNANDO HADDAD,877
71072,SAO PAULO,256,FERNANDO HADDAD,38789
71072,SAO PAULO,257,FERNANDO HADDAD,35413
72273,VALPARAISO,146,FERNANDO HADDAD,3071
70750,SAO BERNARDO DO CAMPO,296,FERNANDO HADDAD,32348
64777,GUARULHOS,176,FERNANDO HADDAD,24410
70815,SAO FRANCISCO,232,FERNANDO HADDAD,604
71994,TRES FRONTEIRAS,187,FERNANDO HADDAD,981
65110,INDAIATUBA,211,FERNANDO HADDAD,26816
62065,ARCO-IRIS,143,FERNANDO HADDAD,421
62243,IPIGUA,312,FERNANDO HADDAD,632
71919,TIETE,142,FERNANDO HADDAD,3825
69531,REGISTRO,172,FERNANDO HADDAD,8333
67130,MOGI DAS CRUZES,74,FERNANDO HADDAD,17582
63495,CORDEIROPOLIS,243,FERNANDO HADDAD,2904
62120,PRACINHA,69,FERNANDO HADDAD,325
71072,SAO PAULO,372,FERNANDO HADDAD,101722
63398,CLEMENTINA,25,FERNANDO HADDAD,987
62405,PAULISTANIA,7,FERNANDO HADDAD,281
63878,DOURADO,107,FERNANDO HADDAD,1164
71072,SAO PAULO,3,FERNANDO HADDAD,19671
69671,RIBEIRAO PIRES,382,FERNANDO HADDAD,5468
69213,PRAIA GRANDE,317,FERNANDO HADDAD,17056
69078,PONTES GESTAL,224,FERNANDO HADDAD,577
69477,REDENCAO DA SERRA,128,FERNANDO HADDAD,665
72435,VOTORANTIM,220,FERNANDO HADDAD,16250
71072,SAO PAULO,250,FERNANDO HADDAD,35214
67571,NOVA ALIANCA,126,FERNANDO HADDAD,881
64777,GUARULHOS,278,FERNANDO HADDAD,17622
62111,BARRINHA,135,FERNANDO HADDAD,6025
61514,APARECIDA D OESTE,232,FERNANDO HADDAD,1090
61620,TUIUTI,298,FERNANDO HADDAD,703
72176,URANIA,427,FERNANDO HADDAD,1262
64297,FRANCO DA ROCHA,192,FERNANDO HADDAD,27499
71072,SAO PAULO,346,FERNANDO HADDAD,33001
70750,SAO BERNARDO DO CAMPO,414,FERNANDO HADDAD,22009
72737,VARGEM GRANDE PAULISTA,286,FERNANDO HADDAD,8774
62715,CACAPAVA,29,FERNANDO HADDAD,9171
71137,SAO ROQUE,131,FERNANDO HADDAD,10351
62081,BREJO ALEGRE,25,FERNANDO HADDAD,883
68276,PATROCINIO PAULISTA,46,FERNANDO HADDAD,1940
69752,RINCAO,239,FERNANDO HADDAD,2192
65277,IPUA,123,FERNANDO HADDAD,3043
71072,SAO PAULO,251,FERNANDO HADDAD,30592
65471,ITAPETININGA,52,FERNANDO HADDAD,15586
66672,MAGDA,162,FERNANDO HADDAD,580
63770,DIADEMA,222,FERNANDO HADDAD,24855
61484,CAJATI,228,FERNANDO HADDAD,3712
67539,NHANDEARA,162,FERNANDO HADDAD,1153
70750,SAO BERNARDO DO CAMPO,284,FERNANDO HADDAD,16266
65315,IRAPUA,207,FERNANDO HADDAD,889
64599,GUARACI,80,FERNANDO HADDAD,2195
67474,"NATIVIDADE DA SERRA",84,FERNANDO HADDAD,951
61700,RIBEIRAO GRANDE,37,FERNANDO HADDAD,1898
66290,LARANJAL PAULISTA,142,FERNANDO HADDAD,2482
62910,CAMPINAS,378,FERNANDO HADDAD,45501
71234,SARAPUI,52,FERNANDO HADDAD,1498
61239,ALVARES FLORENCE,147,FERNANDO HADDAD,637
71072,SAO PAULO,253,FERNANDO HADDAD,40342
64173,FLORA RICA,196,FERNANDO HADDAD,483
64351,GARCA,47,FERNANDO HADDAD,4647
69698,RIBEIRAO PRETO,266,FERNANDO HADDAD,20982
62138,BARUERI,386,FERNANDO HADDAD,29300
64017,EMBU DAS ARTES,341,FERNANDO HADDAD,26325
62219,BEBEDOURO,24,FERNANDO HADDAD,7831
64670,GUARAREMA,319,FERNANDO HADDAD,3891
63274,CEDRAL,312,FERNANDO HADDAD,991
69914,RUBINEIA,187,FERNANDO HADDAD,569
71633,TAIACU,61,FERNANDO HADDAD,1223
71951,TORRINHA,28,FERNANDO HADDAD,1024
70971,SAO JOSE DO RIO PRETO,268,FERNANDO HADDAD,14909
64734,GUARIBA,197,FERNANDO HADDAD,6142
71455,SOROCABA,271,FERNANDO HADDAD,15420
63215,CASTILHO,9,FERNANDO HADDAD,4821
69019,POMPEIA,99,FERNANDO HADDAD,2135
64050,ESTRELA D OESTE,233,FERNANDO HADDAD,1095
71978,TREMEMBE,314,FERNANDO HADDAD,3932
69710,RIVERSUL,56,FERNANDO HADDAD,1291
64998,IEPE,106,FERNANDO HADDAD,1389
71315,SERRANA,109,FERNANDO HADDAD,7259
63711,CUBATAO,119,FERNANDO HADDAD,25584
61808,PONTALINDA,152,FERNANDO HADDAD,889
61794,ASSIS,15,FERNANDO HADDAD,12785
62286,FERNAO,47,FERNANDO HADDAD,256
66656,MACEDONIA,302,FERNANDO HADDAD,606
68519,PEREIRAS,41,FERNANDO HADDAD,1057
67857,ORINDIUVA,164,FERNANDO HADDAD,1260
61417,ANDRADINA,9,FERNANDO HADDAD,8274
71510,SUZANO,181,FERNANDO HADDAD,25053
62197,BAURU,387,FERNANDO HADDAD,17072
62731,CACHOEIRA PAULISTA,145,FERNANDO HADDAD,4652
64955,IBIUNA,191,FERNANDO HADDAD,8646
62456,BORACEIA,86,FERNANDO HADDAD,721
68853,PIRAPOZINHO,261,FERNANDO HADDAD,4133
67156,MOGI GUACU,216,FERNANDO HADDAD,14361
62839,CAIUA,102,JAIR MESSIAS BOLSONARO,1197
66915,MENDONCA,64,JAIR MESSIAS BOLSONARO,2121
68756,PIRACICABA,93,JAIR MESSIAS BOLSONARO,59435
61328,SANTO ANTONIO DO ARACANGUA,299,JAIR MESSIAS BOLSONARO,3165
61620,TUIUTI,298,JAIR MESSIAS BOLSONARO,2971
62146,PRATANIA,129,JAIR MESSIAS BOLSONARO,1903
69558,RESTINGA,240,FERNANDO HADDAD,1760
62146,PRATANIA,129,FERNANDO HADDAD,989
71374,SETE BARRAS,172,FERNANDO HADDAD,2072
67059,MIRANTE DO PARANAPANEMA,165,FERNANDO HADDAD,4574
69833,RIO GRANDE DA SERRA,382,FERNANDO HADDAD,9376
71692,TANABI,138,FERNANDO HADDAD,3143
62618,BURI,53,FERNANDO HADDAD,2884
67237,MONGAGUA,189,FERNANDO HADDAD,8719
65510,ITAPEVI,359,FERNANDO HADDAD,43108
68152,PARAISO,171,FERNANDO HADDAD,765
63533,CORONEL MACEDO,236,FERNANDO HADDAD,1344
64653,GUARARAPES,151,FERNANDO HADDAD,3443
71072,SAO PAULO,347,FERNANDO HADDAD,39255
61832,AURIFLAMA,225,FERNANDO HADDAD,2255
65730,ITIRAPINA,245,FERNANDO HADDAD,1865
63991,ELIAS FAUSTO,358,FERNANDO HADDAD,1950
71072,SAO PAULO,390,FERNANDO HADDAD,28491
70750,SAO BERNARDO DO CAMPO,284,JAIR MESSIAS BOLSONARO,41518
71552,TABATINGA,49,JAIR MESSIAS BOLSONARO,4951
63398,CLEMENTINA,25,JAIR MESSIAS BOLSONARO,2859
64319,GABRIEL MONTEIRO,210,FERNANDO HADDAD,314
69230,PRESIDENTE ALVES,95,FERNANDO HADDAD,649
70114,SANDOVALINA,261,FERNANDO HADDAD,1323
65412,ITAJU,19,FERNANDO HADDAD,523
67253,MONTE ALEGRE DO SUL,8,FERNANDO HADDAD,824
71536,TABAPUA,179,FERNANDO HADDAD,1371
69973,SALES,207,FERNANDO HADDAD,630
62510,BRAGANCA PAULISTA,27,FERNANDO HADDAD,14253
71390,SEVERINIA,80,FERNANDO HADDAD,2354
67130,MOGI DAS CRUZES,319,FERNANDO HADDAD,12243
62839,CAIUA,102,FERNANDO HADDAD,1320
62316,BIRITIBA MIRIM,319,FERNANDO HADDAD,3818
68772,PIRAJU,94,FERNANDO HADDAD,3880
70998,SAO JOSE DOS CAMPOS,412,FERNANDO HADDAD,26552
69795,RIO CLARO,110,JAIR MESSIAS BOLSONARO,44018
61360,BARRA DO CHAPEU,10,JAIR MESSIAS BOLSONARO,1383
65315,IRAPUA,207,JAIR MESSIAS BOLSONARO,2891
71374,SETE BARRAS,172,JAIR MESSIAS BOLSONARO,4123
62006,ILHA COMPRIDA,51,JAIR MESSIAS BOLSONARO,4586
61417,ANDRADINA,9,JAIR MESSIAS BOLSONARO,20882
71072,SAO PAULO,389,JAIR MESSIAS BOLSONARO,64154
68179,PARANAPANEMA,301,JAIR MESSIAS BOLSONARO,5898
61689,ENGENHEIRO COELHO,75,FERNANDO HADDAD,2810
61107,GUATAPARA,293,FERNANDO HADDAD,1417
61018,ADAMANTINA,157,FERNANDO HADDAD,3156
61867,MARAPOAMA,79,FERNANDO HADDAD,274
68012,PALESTINA,224,FERNANDO HADDAD,1940
71072,SAO PAULO,374,JAIR MESSIAS BOLSONARO,94034
66575,LUPERCIO,180,JAIR MESSIAS BOLSONARO,1470
68616,PINDAMONHANGABA,90,FERNANDO HADDAD,16054
67210,MONCOES,162,FERNANDO HADDAD,439
61573,ARACOIABA DA SERRA,294,FERNANDO HADDAD,3881
66990,MIRACATU,218,FERNANDO HADDAD,3274
62308,GAVIAO PEIXOTO,13,FERNANDO HADDAD,1353
67890,OSASCO,276,FERNANDO HADDAD,25213
71072,SAO PAULO,255,FERNANDO HADDAD,43631
72311,VARGEM GRANDE DO SUL,229,FERNANDO HADDAD,4103
64394,GENERAL SALGADO,225,FERNANDO HADDAD,1581
70513,SANTA RITA DO PASSA QUATRO,116,JAIR MESSIAS BOLSONARO,11659
62189,SANTA CRUZ DA ESPERANCA,32,JAIR MESSIAS BOLSONARO,941
63070,CAPELA DO ALTO,140,JAIR MESSIAS BOLSONARO,7699
71994,TRES FRONTEIRAS,187,JAIR MESSIAS BOLSONARO,2309
71072,SAO PAULO,390,JAIR MESSIAS BOLSONARO,52408
62910,CAMPINAS,423,JAIR MESSIAS BOLSONARO,44601
69892,RUBIACEA,151,JAIR MESSIAS BOLSONARO,1048
61549,VARGEM,298,FERNANDO HADDAD,872
69590,RIBEIRAO BONITO,107,FERNANDO HADDAD,1778
63592,COSMORAMA,138,FERNANDO HADDAD,1250
64378,GASTAO VIDIGAL,162,FERNANDO HADDAD,994
62383,OUROESTE,302,FERNANDO HADDAD,1812
66095,JERIQUARA,155,FERNANDO HADDAD,862
65439,ITANHAEM,189,FERNANDO HADDAD,14314
70190,AGUAS DE SANTA BARBARA,205,FERNANDO HADDAD,850
62170,BATATAIS,22,FERNANDO HADDAD,8366
71897,TERRA ROXA,178,FERNANDO HADDAD,1206
67954,OURINHOS,82,FERNANDO HADDAD,13350
67679,NOVA LUZITANIA,162,FERNANDO HADDAD,757
70572,SANTO ANDRE,264,JAIR MESSIAS BOLSONARO,39128
64670,GUARAREMA,319,JAIR MESSIAS BOLSONARO,12788
67075,MIRASSOL,72,JAIR MESSIAS BOLSONARO,22447
61395,ANALANDIA,245,JAIR MESSIAS BOLSONARO,2050
68977,POA,219,JAIR MESSIAS BOLSONARO,40969
61409,NOVAIS,179,JAIR MESSIAS BOLSONARO,1749
63550,CORUMBATAI,245,JAIR MESSIAS BOLSONARO,1814
70750,SAO BERNARDO DO CAMPO,174,JAIR MESSIAS BOLSONARO,54240
67130,MOGI DAS CRUZES,287,JAIR MESSIAS BOLSONARO,66677
68918,PITANGUEIRAS,98,JAIR MESSIAS BOLSONARO,11391
67717,NOVO HORIZONTE,79,JAIR MESSIAS BOLSONARO,15451
70297,SANTA CRUZ DO RIO PARDO,114,FERNANDO HADDAD,4309
66370,LENCOIS PAULISTA,161,FERNANDO HADDAD,5874
70130,SANTA ADELIA,111,FERNANDO HADDAD,1703
65455,ITAPECERICA DA SERRA,201,FERNANDO HADDAD,35079
62162,QUADRA,140,FERNANDO HADDAD,503
66770,MARACAI,290,FERNANDO HADDAD,2118
69094,POPULINA,233,FERNANDO HADDAD,1135
69191,PRADOPOLIS,197,FERNANDO HADDAD,2710
63479,CONCHAS,41,FERNANDO HADDAD,1836
65935,JACUPIRANGA,228,FERNANDO HADDAD,2051
61441,SALTINHO,270,FERNANDO HADDAD,539
70998,SAO JOSE DOS CAMPOS,411,FERNANDO HADDAD,25805
63770,DIADEMA,426,JAIR MESSIAS BOLSONARO,27339
64939,IBITINGA,49,JAIR MESSIAS BOLSONARO,22062
66230,JUQUIA,223,JAIR MESSIAS BOLSONARO,6815
69876,ROSEIRA,190,JAIR MESSIAS BOLSONARO,4461
68055,PALMEIRA D OESTE,232,JAIR MESSIAS BOLSONARO,3406
71099,SAO PEDRO,130,JAIR MESSIAS BOLSONARO,14483
61468,UBARANA,64,JAIR MESSIAS BOLSONARO,1857
68330,PAULO DE FARIA,164,JAIR MESSIAS BOLSONARO,2439
66311,LAVINIA,146,JAIR MESSIAS BOLSONARO,1728
71030,SAO MANUEL,129,JAIR MESSIAS BOLSONARO,15328
64254,FRANCA,291,JAIR MESSIAS BOLSONARO,62172
61549,VARGEM,298,JAIR MESSIAS BOLSONARO,3589
69477,REDENCAO DA SERRA,128,JAIR MESSIAS BOLSONARO,1958
65617,ITAPURA,368,FERNANDO HADDAD,1578
61336,AMERICO BRASILIENSE,239,FERNANDO HADDAD,7524
71072,SAO PAULO,422,FERNANDO HADDAD,34543
61174,ALTAIR,80,FERNANDO HADDAD,808
61719,AREIOPOLIS,129,FERNANDO HADDAD,1861
61298,ALVINLANDIA,47,FERNANDO HADDAD,686
61352,AMERICO DE CAMPOS,138,FERNANDO HADDAD,833
68659,ESPIRITO SANTO DO PINHAL,91,FERNANDO HADDAD,4926
66257,JUQUITIBA,201,FERNANDO HADDAD,5427
68659,ESPIRITO SANTO DO PINHAL,91,JAIR MESSIAS BOLSONARO,16536
67652,NOVA INDEPENDENCIA,9,JAIR MESSIAS BOLSONARO,1285
65099,ILHABELA,132,JAIR MESSIAS BOLSONARO,10815
71072,SAO PAULO,405,JAIR MESSIAS BOLSONARO,39458
61700,RIBEIRAO GRANDE,37,JAIR MESSIAS BOLSONARO,2545
65250,IPORANGA,148,JAIR MESSIAS BOLSONARO,813
61212,ALTO ALEGRE,289,JAIR MESSIAS BOLSONARO,1932
62235,BENTO DE ABREU,146,JAIR MESSIAS BOLSONARO,1035
62197,BAURU,23,JAIR MESSIAS BOLSONARO,54462
62731,CACHOEIRA PAULISTA,145,JAIR MESSIAS BOLSONARO,12126
67598,NOVA EUROPA,13,FERNANDO HADDAD,2264
71455,SOROCABA,356,FERNANDO HADDAD,28219
72451,VOTUPORANGA,147,FERNANDO HADDAD,10502
63436,COLOMBIA,21,FERNANDO HADDAD,1480
70750,SAO BERNARDO DO CAMPO,409,FERNANDO HADDAD,42114
68233,PARDINHO,26,FERNANDO HADDAD,1005
61026,BOREBI,161,FERNANDO HADDAD,495
61115,AGUAS DE SAO PEDRO,130,FERNANDO HADDAD,560
62677,CABRALIA PAULISTA,159,FERNANDO HADDAD,932
65056,IGARATA,115,FERNANDO HADDAD,1344
67970,OURO VERDE,149,FERNANDO HADDAD,1907
62936,CAMPO LIMPO PAULISTA,344,FERNANDO HADDAD,11705
64912,IBIRAREMA,83,FERNANDO HADDAD,820
63134,CARAPICUIBA,388,FERNANDO HADDAD,56335
65897,JACAREI,396,FERNANDO HADDAD,13042
68071,PALMITAL,83,FERNANDO HADDAD,3018
64190,FLOREAL,162,FERNANDO HADDAD,521
71013,SAO LUIS DO PARAITINGA,128,FERNANDO HADDAD,2033
70572,SANTO ANDRE,156,JAIR MESSIAS BOLSONARO,52009
63738,CUNHA,43,JAIR MESSIAS BOLSONARO,7824
66770,MARACAI,290,JAIR MESSIAS BOLSONARO,5548
63630,CRAVINHOS,293,JAIR MESSIAS BOLSONARO,13546
67490,"NAZARE PAULISTA",16,JAIR MESSIAS BOLSONARO,6753
67997,PACAEMBU,196,JAIR MESSIAS BOLSONARO,4286
72214,URUPES,207,JAIR MESSIAS BOLSONARO,5667
71536,TABAPUA,179,JAIR MESSIAS BOLSONARO,4821
63053,CAPAO BONITO,37,FERNANDO HADDAD,6044
62260,TAQUARAL,98,FERNANDO HADDAD,465
71510,SUZANO,415,FERNANDO HADDAD,22148
71439,SOCORRO,136,FERNANDO HADDAD,3039
71854,TEJUPA,94,FERNANDO HADDAD,1204
61190,ALTINOPOLIS,202,FERNANDO HADDAD,2905
67873,ORLANDIA,81,FERNANDO HADDAD,5161
71072,SAO PAULO,353,FERNANDO HADDAD,56717
71030,SAO MANUEL,129,FERNANDO HADDAD,4839
71676,TAMBAU,116,FERNANDO HADDAD,3148
69833,RIO GRANDE DA SERRA,382,JAIR MESSIAS BOLSONARO,13583
68250,PARIQUERA-ACU,228,JAIR MESSIAS BOLSONARO,7104
67270,MONTE ALTO,76,JAIR MESSIAS BOLSONARO,19985
71390,SEVERINIA,80,JAIR MESSIAS BOLSONARO,6065
65498,ITAPEVA,53,JAIR MESSIAS BOLSONARO,34188
71072,SAO PAULO,247,JAIR MESSIAS BOLSONARO,44707
67210,MONCOES,162,JAIR MESSIAS BOLSONARO,900
68497,PEREIRA BARRETO,88,JAIR MESSIAS BOLSONARO,8684
72311,VARGEM GRANDE DO SUL,229,JAIR MESSIAS BOLSONARO,16342
61123,DIRCE REIS,152,JAIR MESSIAS BOLSONARO,618
61077,AGUAS DA PRATA,122,JAIR MESSIAS BOLSONARO,3172
62219,BEBEDOURO,24,JAIR MESSIAS BOLSONARO,30396
61859,AVAI,300,JAIR MESSIAS BOLSONARO,1571
70777,SAO CAETANO DO SUL,166,JAIR MESSIAS BOLSONARO,35298
71790,TARABAI,261,JAIR MESSIAS BOLSONARO,1928
69337,PROMISSAO,103,JAIR MESSIAS BOLSONARO,12565
63290,CERQUEIRA CESAR,205,JAIR MESSIAS BOLSONARO,7135
62995,CANANEIA,36,JAIR MESSIAS BOLSONARO,4107
64998,IEPE,106,JAIR MESSIAS BOLSONARO,3097
65218,IPERO,369,JAIR MESSIAS BOLSONARO,8473
61301,SUZANAPOLIS,88,FERNANDO HADDAD,834
69132,PORTO FELIZ,100,FERNANDO HADDAD,5652
61123,DIRCE REIS,152,FERNANDO HADDAD,465
72370,VINHEDO,345,FERNANDO HADDAD,8704
69450,RANCHARIA,106,FERNANDO HADDAD,4961
61956,BALSAMO,72,FERNANDO HADDAD,955
68837,PIRAPORA DO BOM JESUS,386,FERNANDO HADDAD,3302
70912,SAO JOSE DA BELA VISTA,240,FERNANDO HADDAD,1734
64017,EMBU DAS ARTES,341,JAIR MESSIAS BOLSONARO,36276
71072,SAO PAULO,420,JAIR MESSIAS BOLSONARO,56618
65110,INDAIATUBA,211,JAIR MESSIAS BOLSONARO,88374
71455,SOROCABA,137,JAIR MESSIAS BOLSONARO,41102
61930,BALBINOS,95,JAIR MESSIAS BOLSONARO,719
70971,SAO JOSE DO RIO PRETO,268,JAIR MESSIAS BOLSONARO,54004
67016,MIRA ESTRELA,224,JAIR MESSIAS BOLSONARO,1110
70750,SAO BERNARDO DO CAMPO,296,JAIR MESSIAS BOLSONARO,41487
65978,JALES,152,JAIR MESSIAS BOLSONARO,19587
69213,PRAIA GRANDE,406,JAIR MESSIAS BOLSONARO,50260
70750,SAO BERNARDO DO CAMPO,414,JAIR MESSIAS BOLSONARO,35242
68152,PARAISO,171,JAIR MESSIAS BOLSONARO,2507
70718,SANTOS,273,JAIR MESSIAS BOLSONARO,63038
66893,MAUA,365,JAIR MESSIAS BOLSONARO,46766
67377,MONTE MOR,358,JAIR MESSIAS BOLSONARO,17676
71633,TAIACU,61,JAIR MESSIAS BOLSONARO,1884
65897,JACAREI,62,FERNANDO HADDAD,12527
63754,DESCALVADO,44,FERNANDO HADDAD,3129
62952,CAMPOS DO JORDAO,35,FERNANDO HADDAD,5455
68594,PILAR DO SUL,89,FERNANDO HADDAD,3437
71196,SAO SIMAO,133,FERNANDO HADDAD,2034
71072,SAO PAULO,392,FERNANDO HADDAD,31442
69051,PONTAL,135,JAIR MESSIAS BOLSONARO,12077
68772,PIRAJU,94,JAIR MESSIAS BOLSONARO,11080
62421,RIBEIRAO DOS INDIOS,117,JAIR MESSIAS BOLSONARO,676
66451,LORENA,68,JAIR MESSIAS BOLSONARO,33879
61310,AMERICANA,158,JAIR MESSIAS BOLSONARO,46322
65633,ITAQUAQUECETUBA,377,JAIR MESSIAS BOLSONARO,42310
69698,RIBEIRAO PRETO,305,JAIR MESSIAS BOLSONARO,58022
71579,TABOAO DA SERRA,324,JAIR MESSIAS BOLSONARO,39115
71072,SAO PAULO,347,JAIR MESSIAS BOLSONARO,80107
71870,TEODORO SAMPAIO,330,JAIR MESSIAS BOLSONARO,5936
71072,SAO PAULO,418,JAIR MESSIAS BOLSONARO,67132
62596,BROTAS,28,JAIR MESSIAS BOLSONARO,9364
68373,PEDRA BELA,298,JAIR MESSIAS BOLSONARO,2405
61514,APARECIDA D OESTE,232,JAIR MESSIAS BOLSONARO,1547
61999,BARBOSA,289,JAIR MESSIAS BOLSONARO,2178
65951,JAGUARIUNA,333,JAIR MESSIAS BOLSONARO,21336
69752,RINCAO,239,JAIR MESSIAS BOLSONARO,2957
68691,PIQUEROBI,117,JAIR MESSIAS BOLSONARO,1154
66290,LARANJAL PAULISTA,142,JAIR MESSIAS BOLSONARO,11916
70670,SANTO EXPEDITO,182,FERNANDO HADDAD,698
65951,JAGUARIUNA,333,FERNANDO HADDAD,6098
68357,PEDERNEIRAS,86,FERNANDO HADDAD,4896
61638,ARARAQUARA,13,FERNANDO HADDAD,15576
62910,CAMPINAS,275,FERNANDO HADDAD,31047
64076,ESTRELA DO NORTE,261,FERNANDO HADDAD,757
68993,POLONI,77,JAIR MESSIAS BOLSONARO,2275
66478,LOUVEIRA,345,JAIR MESSIAS BOLSONARO,18600
71650,TAIUVA,61,JAIR MESSIAS BOLSONARO,2441
62570,BRODOWSKI,204,JAIR MESSIAS BOLSONARO,9157
65676,ITARIRI,295,JAIR MESSIAS BOLSONARO,3992
63410,COLINA,178,JAIR MESSIAS BOLSONARO,6144
65897,JACAREI,396,JAIR MESSIAS BOLSONARO,45081
69671,RIBEIRAO PIRES,382,JAIR MESSIAS BOLSONARO,10242
70653,SANTO ANTONIO DO PINHAL,314,JAIR MESSIAS BOLSONARO,3093
71072,SAO PAULO,254,JAIR MESSIAS BOLSONARO,73115
70130,SANTA ADELIA,111,JAIR MESSIAS BOLSONARO,5649
70017,SALESOPOLIS,112,JAIR MESSIAS BOLSONARO,7429
61050,AGUAI,122,JAIR MESSIAS BOLSONARO,10765
70971,SAO JOSE DO RIO PRETO,267,FERNANDO HADDAD,22532
65757,ITIRAPUA,46,FERNANDO HADDAD,1431
67334,MONTE CASTELO,175,FERNANDO HADDAD,953
71072,SAO PAULO,351,FERNANDO HADDAD,37799
64750,GUARUJA,212,FERNANDO HADDAD,27400
62855,CAJAMAR,354,FERNANDO HADDAD,15248
71730,TAPIRATIBA,30,FERNANDO HADDAD,2454
71838,TAUBATE,407,FERNANDO HADDAD,18709
69132,PORTO FELIZ,100,JAIR MESSIAS BOLSONARO,22178
67237,MONGAGUA,189,JAIR MESSIAS BOLSONARO,18364
62057,BARRA BONITA,200,JAIR MESSIAS BOLSONARO,15951
66850,MARTINOPOLIS,71,JAIR MESSIAS BOLSONARO,8734
68756,PIRACICABA,244,JAIR MESSIAS BOLSONARO,21849
70351,SANTA GERTRUDES,243,JAIR MESSIAS BOLSONARO,9755
64831,IACANGA,49,JAIR MESSIAS BOLSONARO,4307
65935,JACUPIRANGA,228,JAIR MESSIAS BOLSONARO,6358
69450,RANCHARIA,106,JAIR MESSIAS BOLSONARO,11199
63215,CASTILHO,9,JAIR MESSIAS BOLSONARO,5005
62308,GAVIAO PEIXOTO,13,JAIR MESSIAS BOLSONARO,1381
72230,VALENTIM GENTIL,147,JAIR MESSIAS BOLSONARO,4771
64270,FRANCISCO MORATO,367,JAIR MESSIAS BOLSONARO,39062
61816,ATIBAIA,16,JAIR MESSIAS BOLSONARO,56292
62324,JUMIRIM,142,FERNANDO HADDAD,345
63010,CANDIDO MOTA,226,FERNANDO HADDAD,3708
65498,ITAPEVA,53,FERNANDO HADDAD,11919
64513,GUAPIACU,312,FERNANDO HADDAD,2774
61271,ALVARO DE CARVALHO,47,FERNANDO HADDAD,703
68411,PEDREGULHO,155,FERNANDO HADDAD,3605
70971,SAO JOSE DO RIO PRETO,125,FERNANDO HADDAD,11770
71331,SERRA NEGRA,134,JAIR MESSIAS BOLSONARO,12094
61867,MARAPOAMA,79,JAIR MESSIAS BOLSONARO,1587
71072,SAO PAULO,403,JAIR MESSIAS BOLSONARO,40273
64378,GASTAO VIDIGAL,162,JAIR MESSIAS BOLSONARO,1005
71072,SAO PAULO,251,JAIR MESSIAS BOLSONARO,48876
67890,OSASCO,277,JAIR MESSIAS BOLSONARO,39276
63657,CRISTAIS PAULISTA,240,JAIR MESSIAS BOLSONARO,3576
62332,BOA ESPERANCA DO SUL,107,JAIR MESSIAS BOLSONARO,3573
71773,TAQUARITUBA,236,JAIR MESSIAS BOLSONARO,7829
62324,JUMIRIM,142,JAIR MESSIAS BOLSONARO,1242
71455,SOROCABA,356,JAIR MESSIAS BOLSONARO,62688
62650,BURITIZAL,50,JAIR MESSIAS BOLSONARO,2047
62553,BRAUNA,289,JAIR MESSIAS BOLSONARO,2402
64793,GUZOLANDIA,225,JAIR MESSIAS BOLSONARO,1280
65196,IPAUSSU,114,JAIR MESSIAS BOLSONARO,5575
71072,SAO PAULO,2,JAIR MESSIAS BOLSONARO,76868
61557,ARACATUBA,299,FERNANDO HADDAD,10864
61638,ARARAQUARA,385,FERNANDO HADDAD,24735
63312,CERQUILHO,355,FERNANDO HADDAD,4010
62227,VITORIA BRASIL,233,JAIR MESSIAS BOLSONARO,753
69590,RIBEIRAO BONITO,107,JAIR MESSIAS BOLSONARO,3712
68632,PINDORAMA,111,JAIR MESSIAS BOLSONARO,5915
66273,LAGOINHA,128,JAIR MESSIAS BOLSONARO,2444
65277,IPUA,123,JAIR MESSIAS BOLSONARO,4408
65552,ITAPOLIS,55,JAIR MESSIAS BOLSONARO,15842
69272,PRESIDENTE EPITACIO,195,JAIR MESSIAS BOLSONARO,13437
63614,COTIA,286,JAIR MESSIAS BOLSONARO,24480
71072,SAO PAULO,20,JAIR MESSIAS BOLSONARO,46952
64254,FRANCA,46,JAIR MESSIAS BOLSONARO,64315
64173,FLORA RICA,196,JAIR MESSIAS BOLSONARO,603
69698,RIBEIRAO PRETO,266,JAIR MESSIAS BOLSONARO,51902
67113,MOCOCA,73,JAIR MESSIAS BOLSONARO,24341
71218,SAO VICENTE,340,JAIR MESSIAS BOLSONARO,68134
61239,ALVARES FLORENCE,147,JAIR MESSIAS BOLSONARO,2008
62243,IPIGUA,312,JAIR MESSIAS BOLSONARO,2174
68594,PILAR DO SUL,89,JAIR MESSIAS BOLSONARO,11439
69817,RIO DAS PEDRAS,244,FERNANDO HADDAD,4132
66672,MAGDA,162,JAIR MESSIAS BOLSONARO,1282
64416,GETULINA,297,JAIR MESSIAS BOLSONARO,3456
66990,MIRACATU,218,JAIR MESSIAS BOLSONARO,6585
65633,ITAQUAQUECETUBA,419,JAIR MESSIAS BOLSONARO,47872
66397,LIMEIRA,66,JAIR MESSIAS BOLSONARO,68329
61492,APARECIDA,190,JAIR MESSIAS BOLSONARO,16138
71072,SAO PAULO,5,JAIR MESSIAS BOLSONARO,61325
67156,MOGI GUACU,216,JAIR MESSIAS BOLSONARO,64012
61883,SAO JOAO DE IRACEMA,225,JAIR MESSIAS BOLSONARO,572
67350,MONTEIRO LOBATO,282,JAIR MESSIAS BOLSONARO,1661
71072,SAO PAULO,373,JAIR MESSIAS BOLSONARO,43165
67610,NOVA GRANADA,78,JAIR MESSIAS BOLSONARO,6394
70190,AGUAS DE SANTA BARBARA,205,JAIR MESSIAS BOLSONARO,2448
62677,CABRALIA PAULISTA,159,JAIR MESSIAS BOLSONARO,1376
69558,RESTINGA,240,JAIR MESSIAS BOLSONARO,2599
71978,TREMEMBE,314,JAIR MESSIAS BOLSONARO,14843
71072,SAO PAULO,327,JAIR MESSIAS BOLSONARO,53185
62391,BOITUVA,369,JAIR MESSIAS BOLSONARO,21746
61654,ARARAS,14,JAIR MESSIAS BOLSONARO,54587
70378,SANTA ISABEL,115,JAIR MESSIAS BOLSONARO,20358
62952,CAMPOS DO JORDAO,35,JAIR MESSIAS BOLSONARO,18414
65536,ITAPIRA,54,JAIR MESSIAS BOLSONARO,30289
69736,RIFAINA,155,JAIR MESSIAS BOLSONARO,1672
72419,VISTA ALEGRE DO ALTO,76,JAIR MESSIAS BOLSONARO,2656
68934,PLANALTO,214,JAIR MESSIAS BOLSONARO,1693
63932,DUMONT,293,JAIR MESSIAS BOLSONARO,3714
70254,SANTA CRUZ DA CONCEICAO,188,JAIR MESSIAS BOLSONARO,2202
70874,SAO JOAO DO PAU D ALHO,175,JAIR MESSIAS BOLSONARO,860
69850,RIOLANDIA,164,JAIR MESSIAS BOLSONARO,2503
71498,SUMARE,362,JAIR MESSIAS BOLSONARO,51166
65358,ITABERA,53,JAIR MESSIAS BOLSONARO,6066
62260,TAQUARAL,98,JAIR MESSIAS BOLSONARO,1032
69116,PORANGABA,140,JAIR MESSIAS BOLSONARO,3143
65595,ITAPUI,241,JAIR MESSIAS BOLSONARO,4711
69914,RUBINEIA,187,JAIR MESSIAS BOLSONARO,1370
61131,AGUDOS,7,JAIR MESSIAS BOLSONARO,15379
66176,JULIO MESQUITA,31,JAIR MESSIAS BOLSONARO,1373
64017,EMBU DAS ARTES,391,JAIR MESSIAS BOLSONARO,32146
66192,JUNDIAI,65,JAIR MESSIAS BOLSONARO,44241
64777,GUARULHOS,278,JAIR MESSIAS BOLSONARO,50820
67431,MURUTINGA DO SUL,9,JAIR MESSIAS BOLSONARO,1652
65617,ITAPURA,368,JAIR MESSIAS BOLSONARO,782
71137,SAO ROQUE,131,JAIR MESSIAS BOLSONARO,28284
63576,COSMOPOLIS,360,JAIR MESSIAS BOLSONARO,21333
69434,RAFARD,38,JAIR MESSIAS BOLSONARO,4378
62286,FERNAO,47,JAIR MESSIAS BOLSONARO,777
62103,CANAS,68,JAIR MESSIAS BOLSONARO,1927
64750,GUARUJA,310,JAIR MESSIAS BOLSONARO,48472
70750,SAO BERNARDO DO CAMPO,409,JAIR MESSIAS BOLSONARO,49034
70459,SANTANA DA PONTE PENSA,187,JAIR MESSIAS BOLSONARO,733
61247,PEDRINHAS PAULISTA,290,JAIR MESSIAS BOLSONARO,1475
71072,SAO PAULO,398,JAIR MESSIAS BOLSONARO,39879
70998,SAO JOSE DOS CAMPOS,411,JAIR MESSIAS BOLSONARO,71479
63177,CASA BRANCA,39,JAIR MESSIAS BOLSONARO,10147
61778,ARUJA,335,JAIR MESSIAS BOLSONARO,31746
64610,GUARANI D OESTE,302,JAIR MESSIAS BOLSONARO,582
71072,SAO PAULO,328,JAIR MESSIAS BOLSONARO,60671
70033,SALMOURAO,69,JAIR MESSIAS BOLSONARO,1786
61352,AMERICO DE CAMPOS,138,JAIR MESSIAS BOLSONARO,2630
63134,CARAPICUIBA,303,JAIR MESSIAS BOLSONARO,37939
70050,SALTO,221,JAIR MESSIAS BOLSONARO,46789
63916,DUARTINA,159,JAIR MESSIAS BOLSONARO,4879
69639,RIBEIRAO CORRENTE,240,JAIR MESSIAS BOLSONARO,1749
70750,SAO BERNARDO DO CAMPO,283,JAIR MESSIAS BOLSONARO,36748
67091,MIRASSOLANDIA,72,JAIR MESSIAS BOLSONARO,1847
64491,GUAIRA,169,JAIR MESSIAS BOLSONARO,13565
64157,FERRAZ DE VASCONCELOS,401,JAIR MESSIAS BOLSONARO,48212
64734,GUARIBA,197,JAIR MESSIAS BOLSONARO,12825
64211,FLORIDA PAULISTA,157,JAIR MESSIAS BOLSONARO,3880
71056,SAO MIGUEL ARCANJO,318,JAIR MESSIAS BOLSONARO,11888
68853,PIRAPOZINHO,261,JAIR MESSIAS BOLSONARO,9312
66753,MARABA PAULISTA,102,JAIR MESSIAS BOLSONARO,974
62510,BRAGANCA PAULISTA,27,JAIR MESSIAS BOLSONARO,58276
71072,SAO PAULO,255,JAIR MESSIAS BOLSONARO,84876
66893,MAUA,339,JAIR MESSIAS BOLSONARO,39960
64050,ESTRELA D OESTE,233,JAIR MESSIAS BOLSONARO,3624
61107,GUATAPARA,293,JAIR MESSIAS BOLSONARO,2197
62367,NOVA CASTILHO,225,JAIR MESSIAS BOLSONARO,641
61751,ARTUR NOGUEIRA,75,JAIR MESSIAS BOLSONARO,18341
64432,GLICERIO,289,JAIR MESSIAS BOLSONARO,1749
65013,IGARACU DO TIETE,200,JAIR MESSIAS BOLSONARO,8735
71072,SAO PAULO,325,JAIR MESSIAS BOLSONARO,46881
68454,PEDRO DE TOLEDO,295,JAIR MESSIAS BOLSONARO,3060
63339,CESARIO LANGE,355,JAIR MESSIAS BOLSONARO,6939
67695,NOVA ODESSA,292,JAIR MESSIAS BOLSONARO,23989
61034,ADOLFO,64,JAIR MESSIAS BOLSONARO,2041
66192,JUNDIAI,281,JAIR MESSIAS BOLSONARO,84952
64530,GUAPIARA,37,JAIR MESSIAS BOLSONARO,4914
71072,SAO PAULO,259,JAIR MESSIAS BOLSONARO,76106
61042,TARUMA,290,JAIR MESSIAS BOLSONARO,5665
70696,SANTOPOLIS DO AGUAPEI,25,JAIR MESSIAS BOLSONARO,1616
69191,PRADOPOLIS,197,JAIR MESSIAS BOLSONARO,6276
69019,POMPEIA,99,JAIR MESSIAS BOLSONARO,9331
71714,TAPIRAI,89,JAIR MESSIAS BOLSONARO,2570
66613,MACATUBA,86,JAIR MESSIAS BOLSONARO,7084
69256,PRESIDENTE BERNARDES,165,JAIR MESSIAS BOLSONARO,5072
66656,MACEDONIA,302,JAIR MESSIAS BOLSONARO,1437
62758,CACONDE,30,JAIR MESSIAS BOLSONARO,5956
62030,BARIRI,19,JAIR MESSIAS BOLSONARO,13538
69370,QUEIROZ,99,JAIR MESSIAS BOLSONARO,1314
71072,SAO PAULO,258,JAIR MESSIAS BOLSONARO,99260
61280,BERTIOGA,272,JAIR MESSIAS BOLSONARO,18527
61336,AMERICO BRASILIENSE,239,JAIR MESSIAS BOLSONARO,10503
65471,ITAPETININGA,52,JAIR MESSIAS BOLSONARO,57906
71072,SAO PAULO,280,JAIR MESSIAS BOLSONARO,69144
64637,GUARANTA,31,JAIR MESSIAS BOLSONARO,2472
71196,SAO SIMAO,133,JAIR MESSIAS BOLSONARO,5734
67814,ONDA VERDE,78,JAIR MESSIAS BOLSONARO,1721
71250,SARUTAIA,234,JAIR MESSIAS BOLSONARO,1140
69655,RIBEIRAO DO SUL,313,JAIR MESSIAS BOLSONARO,1583
72435,VOTORANTIM,220,JAIR MESSIAS BOLSONARO,46025
63878,DOURADO,107,JAIR MESSIAS BOLSONARO,3406
71153,SAO SEBASTIAO,132,JAIR MESSIAS BOLSONARO,24898
62715,CACAPAVA,29,JAIR MESSIAS BOLSONARO,39663
67318,MONTE AZUL PAULISTA,171,JAIR MESSIAS BOLSONARO,7408
61387,EMILIANOPOLIS,165,JAIR MESSIAS BOLSONARO,1090
66150,JOSE BONIFACIO,64,JAIR MESSIAS BOLSONARO,13648
71072,SAO PAULO,376,JAIR MESSIAS BOLSONARO,85566
65790,ITU,59,JAIR MESSIAS BOLSONARO,64175
64130,FERNANDO PRESTES,139,JAIR MESSIAS BOLSONARO,2538
69973,SALES,207,JAIR MESSIAS BOLSONARO,2679
64874,IBATE,410,JAIR MESSIAS BOLSONARO,11452
71412,SILVEIRAS,145,JAIR MESSIAS BOLSONARO,2255
71935,TIMBURI,94,JAIR MESSIAS BOLSONARO,1040
71838,TAUBATE,141,JAIR MESSIAS BOLSONARO,50683
71897,TERRA ROXA,178,JAIR MESSIAS BOLSONARO,3060
66494,LUCELIA,69,JAIR MESSIAS BOLSONARO,6931
69094,POPULINA,233,JAIR MESSIAS BOLSONARO,1301
61093,AGUAS DE LINDOIA,134,JAIR MESSIAS BOLSONARO,8221
64114,FERNANDOPOLIS,150,JAIR MESSIAS BOLSONARO,24660
67911,OSCAR BRESSANE,12,JAIR MESSIAS BOLSONARO,1443
61182,EMBAUBA,171,JAIR MESSIAS BOLSONARO,1195
70432,SANTA MERCEDES,175,JAIR MESSIAS BOLSONARO,1029
66052,JARINU,16,JAIR MESSIAS BOLSONARO,11346
72010,TUPA,143,JAIR MESSIAS BOLSONARO,26574
67555,NIPOA,77,JAIR MESSIAS BOLSONARO,1557
69930,SABINO,297,JAIR MESSIAS BOLSONARO,2066
70157,SANTA ALBERTINA,427,JAIR MESSIAS BOLSONARO,2454
64394,GENERAL SALGADO,225,JAIR MESSIAS BOLSONARO,4170
66532,LUIS ANTONIO,133,JAIR MESSIAS BOLSONARO,3940
66397,LIMEIRA,399,JAIR MESSIAS BOLSONARO,59046
70319,SANTA ERNESTINA,139,JAIR MESSIAS BOLSONARO,2232
67679,NOVA LUZITANIA,162,JAIR MESSIAS BOLSONARO,1200
66710,MAIRIPORA,237,JAIR MESSIAS BOLSONARO,30283
71293,SERRA AZUL,109,JAIR MESSIAS BOLSONARO,2719
72052,TURIUBA,214,JAIR MESSIAS BOLSONARO,852
62472,BORBOREMA,55,JAIR MESSIAS BOLSONARO,5904
65374,ITAI,301,JAIR MESSIAS BOLSONARO,6556
65234,IPEUNA,245,JAIR MESSIAS BOLSONARO,2952
65439,ITANHAEM,189,JAIR MESSIAS BOLSONARO,31784
62251,BERNARDINO DE CAMPOS,114,JAIR MESSIAS BOLSONARO,4140
71072,SAO PAULO,422,JAIR MESSIAS BOLSONARO,62421
64513,GUAPIACU,312,JAIR MESSIAS BOLSONARO,7041
71692,TANABI,138,JAIR MESSIAS BOLSONARO,10629
61298,ALVINLANDIA,47,JAIR MESSIAS BOLSONARO,1118
63452,CONCHAL,75,FERNANDO HADDAD,2627
63177,CASA BRANCA,39,FERNANDO HADDAD,2670
71412,SILVEIRAS,145,FERNANDO HADDAD,1167
71153,SAO SEBASTIAO,132,FERNANDO HADDAD,14986
68756,PIRACICABA,244,FERNANDO HADDAD,6844
65633,ITAQUAQUECETUBA,377,FERNANDO HADDAD,28310
64815,HERCULANDIA,184,JAIR MESSIAS BOLSONARO,2976
61506,CAMPINA DO MONTE ALEGRE,215,JAIR MESSIAS BOLSONARO,2264
71072,SAO PAULO,381,JAIR MESSIAS BOLSONARO,66114
71498,SUMARE,230,JAIR MESSIAS BOLSONARO,37508
72036,TUPI PAULISTA,175,JAIR MESSIAS BOLSONARO,5779
66117,JOANOPOLIS,92,JAIR MESSIAS BOLSONARO,5122
65331,IRAPURU,196,JAIR MESSIAS BOLSONARO,2364
67890,OSASCO,315,JAIR MESSIAS BOLSONARO,52141
67172,MOGI MIRIM,75,JAIR MESSIAS BOLSONARO,37986
62154,BASTOS,184,JAIR MESSIAS BOLSONARO,9951
63517,COROADOS,25,JAIR MESSIAS BOLSONARO,2369
63258,CATIGUA,179,FERNANDO HADDAD,928
61247,PEDRINHAS PAULISTA,290,FERNANDO HADDAD,512
63231,CATANDUVA,40,FERNANDO HADDAD,13376
66192,JUNDIAI,281,FERNANDO HADDAD,22870
68691,PIQUEROBI,117,FERNANDO HADDAD,851
64777,GUARULHOS,185,JAIR MESSIAS BOLSONARO,50167
67830,ORIENTE,180,JAIR MESSIAS BOLSONARO,2601
71072,SAO PAULO,417,JAIR MESSIAS BOLSONARO,50509
71072,SAO PAULO,372,JAIR MESSIAS BOLSONARO,75598
61522,ASPASIA,427,JAIR MESSIAS BOLSONARO,818
70734,SAO BENTO DO SAPUCAI,314,FERNANDO HADDAD,1370
68896,PIRATININGA,23,FERNANDO HADDAD,1452
61468,UBARANA,64,FERNANDO HADDAD,1072
68535,PERUIBE,295,FERNANDO HADDAD,10296
62448,TRABIJU,107,FERNANDO HADDAD,436
66818,MARILIA,70,FERNANDO HADDAD,11084
61999,BARBOSA,289,FERNANDO HADDAD,1149
69957,SAGRES,163,FERNANDO HADDAD,542
66036,JARDINOPOLIS,204,FERNANDO HADDAD,3943
71919,TIETE,142,JAIR MESSIAS BOLSONARO,16856
70530,SANTA ROSA DE VITERBO,133,JAIR MESSIAS BOLSONARO,8540
65170,INUBIA PAULISTA,69,JAIR MESSIAS BOLSONARO,1823
63690,CRUZEIRO,42,JAIR MESSIAS BOLSONARO,30111
62200,SANTA SALETE,427,JAIR MESSIAS BOLSONARO,980
65412,ITAJU,19,JAIR MESSIAS BOLSONARO,1502
66257,JUQUITIBA,201,JAIR MESSIAS BOLSONARO,8993
65919,JACI,72,JAIR MESSIAS BOLSONARO,2694
61018,ADAMANTINA,157,JAIR MESSIAS BOLSONARO,15088
62472,BORBOREMA,55,FERNANDO HADDAD,1420
68756,PIRACICABA,270,FERNANDO HADDAD,22044
72451,VOTUPORANGA,147,JAIR MESSIAS BOLSONARO,36114
63770,DIADEMA,329,JAIR MESSIAS BOLSONARO,56091
67458,"NARANDIBA",261,JAIR MESSIAS BOLSONARO,1601
61557,ARACATUBA,11,JAIR MESSIAS BOLSONARO,39697
61115,AGUAS DE SAO PEDRO,130,JAIR MESSIAS BOLSONARO,2062
72095,UBATUBA,144,JAIR MESSIAS BOLSONARO,32462
64777,GUARULHOS,393,JAIR MESSIAS BOLSONARO,60768
69671,RIBEIRAO PIRES,183,JAIR MESSIAS BOLSONARO,30811
61026,BOREBI,161,JAIR MESSIAS BOLSONARO,1046
62278,BILAC,210,JAIR MESSIAS BOLSONARO,3764
64297,FRANCO DA ROCHA,192,JAIR MESSIAS BOLSONARO,38078
64033,EMBU-GUACU,370,JAIR MESSIAS BOLSONARO,21334
68713,PIQUETE,68,JAIR MESSIAS BOLSONARO,5482
67636,NOVA GUATAPORANGA,175,JAIR MESSIAS BOLSONARO,744
62197,BAURU,300,JAIR MESSIAS BOLSONARO,37099
70270,SANTA CRUZ DAS PALMEIRAS,39,JAIR MESSIAS BOLSONARO,11123
70394,SANTA LUCIA,239,JAIR MESSIAS BOLSONARO,2824
66893,MAUA,217,JAIR MESSIAS BOLSONARO,41963
71552,TABATINGA,49,FERNANDO HADDAD,2428
69256,PRESIDENTE BERNARDES,165,FERNANDO HADDAD,2281
62510,BRAGANCA PAULISTA,298,FERNANDO HADDAD,2742
71455,SOROCABA,343,JAIR MESSIAS BOLSONARO,47885
61972,BANANAL,18,JAIR MESSIAS BOLSONARO,3078
65757,ITIRAPUA,46,JAIR MESSIAS BOLSONARO,1845
61891,AVARE,17,JAIR MESSIAS BOLSONARO,32653
62871,CAJOBI,171,JAIR MESSIAS BOLSONARO,3847
61204,ILHA SOLTEIRA,368,JAIR MESSIAS BOLSONARO,8755
67792,OLIMPIA,80,JAIR MESSIAS BOLSONARO,20672
64238,FLORINEA,290,JAIR MESSIAS BOLSONARO,1048
64777,GUARULHOS,176,JAIR MESSIAS BOLSONARO,69026
64092,FARTURA,234,JAIR MESSIAS BOLSONARO,5772
68390,PEDRANOPOLIS,302,JAIR MESSIAS BOLSONARO,900
63231,CATANDUVA,40,JAIR MESSIAS BOLSONARO,49732
62391,BOITUVA,369,FERNANDO HADDAD,6524
65072,IGUAPE,51,FERNANDO HADDAD,4452
69671,RIBEIRAO PIRES,183,FERNANDO HADDAD,15033
64270,FRANCISCO MORATO,367,FERNANDO HADDAD,40445
65331,IRAPURU,196,FERNANDO HADDAD,1109
66311,LAVINIA,146,FERNANDO HADDAD,993
67270,MONTE ALTO,76,FERNANDO HADDAD,4604
70572,SANTO ANDRE,263,JAIR MESSIAS BOLSONARO,47692
66176,JULIO MESQUITA,31,FERNANDO HADDAD,1087
61034,ADOLFO,64,FERNANDO HADDAD,661
71870,TEODORO SAMPAIO,330,FERNANDO HADDAD,5234
62014,BARAO DE ANTONINA,56,FERNANDO HADDAD,736
61360,BARRA DO CHAPEU,10,FERNANDO HADDAD,1532
63517,COROADOS,25,FERNANDO HADDAD,569
63037,CANDIDO RODRIGUES,139,FERNANDO HADDAD,430
67636,NOVA GUATAPORANGA,175,FERNANDO HADDAD,597
70394,SANTA LUCIA,239,FERNANDO HADDAD,1967
61670,AREALVA,300,JAIR MESSIAS BOLSONARO,3277
61964,MESOPOLIS,427,JAIR MESSIAS BOLSONARO,713
71579,TABOAO DA SERRA,416,JAIR MESSIAS BOLSONARO,38719
71072,SAO PAULO,371,JAIR MESSIAS BOLSONARO,56301
66516,LUCIANOPOLIS,159,JAIR MESSIAS BOLSONARO,914
65714,ITATINGA,26,JAIR MESSIAS BOLSONARO,6814
61573,ARACOIABA DA SERRA,294,JAIR MESSIAS BOLSONARO,13130
69698,RIBEIRAO PRETO,265,JAIR MESSIAS BOLSONARO,55280
68217,PARAPUA,163,FERNANDO HADDAD,1462
63932,DUMONT,293,FERNANDO HADDAD,1088
61816,ATIBAIA,16,FERNANDO HADDAD,15439
66630,MACAUBAL,77,FERNANDO HADDAD,896
71072,SAO PAULO,4,JAIR MESSIAS BOLSONARO,82443
64696,GUARATINGUETA,48,JAIR MESSIAS BOLSONARO,50772
69310,PRESIDENTE VENCESLAU,102,JAIR MESSIAS BOLSONARO,15173
61824,PARISI,147,JAIR MESSIAS BOLSONARO,1295
71072,SAO PAULO,320,FERNANDO HADDAD,48777
61786,BOM SUCESSO DE ITARARE,57,FERNANDO HADDAD,1095
68373,PEDRA BELA,298,FERNANDO HADDAD,969
62138,BARUERI,386,JAIR MESSIAS BOLSONARO,51387
64335,GALIA,47,JAIR MESSIAS BOLSONARO,2157
71170,SAO SEBASTIAO DA GRAMA,229,JAIR MESSIAS BOLSONARO,3915
63851,DOLCINOPOLIS,233,JAIR MESSIAS BOLSONARO,677
61140,ESPIRITO SANTO DO TURVO,114,JAIR MESSIAS BOLSONARO,1354
71072,SAO PAULO,413,JAIR MESSIAS BOLSONARO,63602
65994,JAMBEIRO,29,JAIR MESSIAS BOLSONARO,2732
65773,ITOBI,39,JAIR MESSIAS BOLSONARO,2783
68136,PARAIBUNA,84,FERNANDO HADDAD,3183
71498,SUMARE,230,FERNANDO HADDAD,13254
62774,CAFELANDIA,31,FERNANDO HADDAD,2029
61522,ASPASIA,427,FERNANDO HADDAD,455
61077,AGUAS DA PRATA,122,FERNANDO HADDAD,997
69710,RIVERSUL,56,JAIR MESSIAS BOLSONARO,1741
64190,FLOREAL,162,JAIR MESSIAS BOLSONARO,1230
70491,SANTA RITA D OESTE,187,JAIR MESSIAS BOLSONARO,1127
68578,PIEDADE,89,JAIR MESSIAS BOLSONARO,20074
66818,MARILIA,400,JAIR MESSIAS BOLSONARO,50050
70831,SAO JOAO DA BOA VISTA,122,FERNANDO HADDAD,10015
70599,SANTO ANTONIO DA ALEGRIA,202,FERNANDO HADDAD,1382
61697,AREIAS,42,FERNANDO HADDAD,1128
67431,MURUTINGA DO SUL,9,FERNANDO HADDAD,691
61565,POTIM,190,JAIR MESSIAS BOLSONARO,6404
71072,SAO PAULO,350,JAIR MESSIAS BOLSONARO,59739
61760,ELISIARIO,40,JAIR MESSIAS BOLSONARO,1593
62383,OUROESTE,302,JAIR MESSIAS BOLSONARO,3122
71455,SOROCABA,342,JAIR MESSIAS BOLSONARO,56392
63274,CEDRAL,312,JAIR MESSIAS BOLSONARO,3890
68276,PATROCINIO PAULISTA,46,JAIR MESSIAS BOLSONARO,5293
70955,SAO JOSE DO RIO PARDO,124,FERNANDO HADDAD,6545
69639,RIBEIRAO CORRENTE,240,FERNANDO HADDAD,960
64718,GUAREI,140,FERNANDO HADDAD,1294
66796,MARIAPOLIS,157,FERNANDO HADDAD,779
62979,CAMPOS NOVOS PAULISTA,83,FERNANDO HADDAD,789
71072,SAO PAULO,6,FERNANDO HADDAD,35719
61824,PARISI,147,FERNANDO HADDAD,411
64696,GUARATINGUETA,48,FERNANDO HADDAD,13689
64475,GUAIMBE,297,FERNANDO HADDAD,1131
70637,SANTO ANTONIO DO JARDIM,91,JAIR MESSIAS BOLSONARO,2879
65870,JABOTICABAL,61,JAIR MESSIAS BOLSONARO,26606
65056,IGARATA,115,JAIR MESSIAS BOLSONARO,4225
71110,SAO PEDRO DO TURVO,114,JAIR MESSIAS BOLSONARO,2574
62618,BURI,53,JAIR MESSIAS BOLSONARO,7390
72117,UBIRAJARA,159,JAIR MESSIAS BOLSONARO,1837
69698,RIBEIRAO PRETO,265,FERNANDO HADDAD,21538
62499,BOTUCATU,26,FERNANDO HADDAD,18725
66478,LOUVEIRA,345,FERNANDO HADDAD,5961
61530,APIAI,10,FERNANDO HADDAD,5069
63916,DUARTINA,159,FERNANDO HADDAD,1922
67091,MIRASSOLANDIA,72,FERNANDO HADDAD,620
63738,CUNHA,43,FERNANDO HADDAD,3725
72036,TUPI PAULISTA,175,FERNANDO HADDAD,2039
61000,EUCLIDES DA CUNHA PAULISTA,330,FERNANDO HADDAD,2860
61387,EMILIANOPOLIS,165,FERNANDO HADDAD,766
71072,SAO PAULO,327,FERNANDO HADDAD,28192
67490,"NAZARE PAULISTA",16,FERNANDO HADDAD,2088
68799,PIRAJUI,95,FERNANDO HADDAD,2306
71072,SAO PAULO,352,FERNANDO HADDAD,61175
71455,SOROCABA,343,FERNANDO HADDAD,17076
71072,SAO PAULO,350,FERNANDO HADDAD,32385
66710,MAIRIPORA,237,FERNANDO HADDAD,10743
65838,ITUVERAVA,60,FERNANDO HADDAD,5344
65153,INDIAPORA,302,JAIR MESSIAS BOLSONARO,1194
69299,PRESIDENTE PRUDENTE,402,JAIR MESSIAS BOLSONARO,47264
70092,SALTO GRANDE,313,FERNANDO HADDAD,1315
61948,ITAPIRAPUA PAULISTA,10,FERNANDO HADDAD,999
70378,SANTA ISABEL,115,FERNANDO HADDAD,7046
71072,SAO PAULO,4,FERNANDO HADDAD,29158
68098,PANORAMA,175,FERNANDO HADDAD,2186
71595,TACIBA,167,FERNANDO HADDAD,1543
61905,SAO LOURENCO DA SERRA,201,FERNANDO HADDAD,2828
71650,TAIUVA,61,FERNANDO HADDAD,639
62235,BENTO DE ABREU,146,FERNANDO HADDAD,426
61140,ESPIRITO SANTO DO TURVO,114,FERNANDO HADDAD,796
65153,INDIAPORA,302,FERNANDO HADDAD,870
70416,SANTA MARIA DA SERRA,130,FERNANDO HADDAD,721
62812,CAIEIRAS,192,JAIR MESSIAS BOLSONARO,29988
61581,ALAMBARI,52,JAIR MESSIAS BOLSONARO,2432
63592,COSMORAMA,138,JAIR MESSIAS BOLSONARO,3250
62022,LOURDES,214,JAIR MESSIAS BOLSONARO,904
71072,SAO PAULO,346,JAIR MESSIAS BOLSONARO,63503
61379,AMPARO,8,JAIR MESSIAS BOLSONARO,29332
61476,ANHUMAS,182,JAIR MESSIAS BOLSONARO,1687
61913,BADY BASSITT,126,JAIR MESSIAS BOLSONARO,6953
65579,ITAPORANGA,56,FERNANDO HADDAD,2300
71455,SOROCABA,342,FERNANDO HADDAD,19279
63959,ECHAPORA,15,FERNANDO HADDAD,1079
72354,VERA CRUZ,180,FERNANDO HADDAD,1426
69930,SABINO,297,FERNANDO HADDAD,857
71838,TAUBATE,141,FERNANDO HADDAD,11328
61565,POTIM,190,FERNANDO HADDAD,2169
68330,PAULO DE FARIA,164,FERNANDO HADDAD,1645
61590,ARAMINA,50,FERNANDO HADDAD,1164
71072,SAO PAULO,328,FERNANDO HADDAD,53274
67130,MOGI DAS CRUZES,319,JAIR MESSIAS BOLSONARO,32994
67571,NOVA ALIANCA,126,JAIR MESSIAS BOLSONARO,2598
64599,GUARACI,80,JAIR MESSIAS BOLSONARO,3183
64750,GUARUJA,212,JAIR MESSIAS BOLSONARO,56038
71510,SUZANO,181,JAIR MESSIAS BOLSONARO,53078
63479,CONCHAS,41,JAIR MESSIAS BOLSONARO,6887
61069,MOTUCA,239,JAIR MESSIAS BOLSONARO,1426
63452,CONCHAL,75,JAIR MESSIAS BOLSONARO,12002
70335,SANTA FE DO SUL,187,JAIR MESSIAS BOLSONARO,13054
66338,LAVRINHAS,42,JAIR MESSIAS BOLSONARO,2698
68233,PARDINHO,26,JAIR MESSIAS BOLSONARO,2681
65196,IPAUSSU,114,FERNANDO HADDAD,1773
62359,BOCAINA,241,FERNANDO HADDAD,1134
69655,RIBEIRAO DO SUL,313,FERNANDO HADDAD,1139
67032,MIRANDOPOLIS,153,FERNANDO HADDAD,2699
63371,CHAVANTES,313,FERNANDO HADDAD,1738
69990,SALES OLIVEIRA,81,FERNANDO HADDAD,1487
61891,AVARE,17,FERNANDO HADDAD,9550
72150,UNIAO PAULISTA,77,FERNANDO HADDAD,368
64858,IACRI,184,FERNANDO HADDAD,845
67750,OCAUCU,180,FERNANDO HADDAD,879
72192,URU,95,FERNANDO HADDAD,223
69493,REGENTE FEIJO,167,FERNANDO HADDAD,2814
64351,GARCA,47,JAIR MESSIAS BOLSONARO,18233
69795,RIO CLARO,288,JAIR MESSIAS BOLSONARO,37071
63010,CANDIDO MOTA,226,JAIR MESSIAS BOLSONARO,12990
70998,SAO JOSE DOS CAMPOS,282,JAIR MESSIAS BOLSONARO,42204
69779,RINOPOLIS,210,JAIR MESSIAS BOLSONARO,4076
71072,SAO PAULO,3,JAIR MESSIAS BOLSONARO,30150
69990,SALES OLIVEIRA,81,JAIR MESSIAS BOLSONARO,4182
69299,PRESIDENTE PRUDENTE,101,JAIR MESSIAS BOLSONARO,42926
70858,SAO JOAO DAS DUAS PONTES,233,FERNANDO HADDAD,680
62006,ILHA COMPRIDA,51,FERNANDO HADDAD,1998
61670,AREALVA,300,FERNANDO HADDAD,1063
71277,SEBASTIANOPOLIS DO SUL,77,FERNANDO HADDAD,415
69698,RIBEIRAO PRETO,108,FERNANDO HADDAD,21928
67393,MORRO AGUDO,336,JAIR MESSIAS BOLSONARO,9198
63134,CARAPICUIBA,388,JAIR MESSIAS BOLSONARO,77444
67415,MORUNGABA,58,JAIR MESSIAS BOLSONARO,6096
62910,CAMPINAS,378,JAIR MESSIAS BOLSONARO,78848
70238,SANTA CLARA D OESTE,187,JAIR MESSIAS BOLSONARO,988
62910,CAMPINAS,274,JAIR MESSIAS BOLSONARO,48793
64319,GABRIEL MONTEIRO,210,JAIR MESSIAS BOLSONARO,1558
62405,PAULISTANIA,7,JAIR MESSIAS BOLSONARO,917
62316,BIRITIBA MIRIM,319,JAIR MESSIAS BOLSONARO,11348
63614,COTIA,227,JAIR MESSIAS BOLSONARO,47993
63894,DRACENA,149,JAIR MESSIAS BOLSONARO,19141
70475,SANTANA DE PARNAIBA,386,JAIR MESSIAS BOLSONARO,40706
69698,RIBEIRAO PRETO,108,JAIR MESSIAS BOLSONARO,49913
65170,INUBIA PAULISTA,69,FERNANDO HADDAD,390
63835,DOIS CORREGOS,241,FERNANDO HADDAD,2654
71072,SAO PAULO,371,FERNANDO HADDAD,74270
71072,SAO PAULO,408,FERNANDO HADDAD,49812
70491,SANTA RITA D OESTE,187,FERNANDO HADDAD,511
61182,EMBAUBA,171,FERNANDO HADDAD,456
62812,CAIEIRAS,192,FERNANDO HADDAD,16144
64432,GLICERIO,289,FERNANDO HADDAD,956
72176,URANIA,427,JAIR MESSIAS BOLSONARO,3218
63797,DIVINOLANDIA,229,JAIR MESSIAS BOLSONARO,5084
69353,QUATA,106,JAIR MESSIAS BOLSONARO,5221
71617,TAGUAI,234,JAIR MESSIAS BOLSONARO,4314
70556,SANTO ANASTACIO,117,JAIR MESSIAS BOLSONARO,7122
71072,SAO PAULO,246,JAIR MESSIAS BOLSONARO,59535
69418,QUINTANA,99,JAIR MESSIAS BOLSONARO,2473
66877,MATAO,170,JAIR MESSIAS BOLSONARO,30373
67890,OSASCO,332,JAIR MESSIAS BOLSONARO,34783
65854,JABORANDI,178,JAIR MESSIAS BOLSONARO,2132
61794,ASSIS,15,JAIR MESSIAS BOLSONARO,35336
63673,CRUZALIA,290,JAIR MESSIAS BOLSONARO,1081
71072,SAO PAULO,413,FERNANDO HADDAD,36866
71072,SAO PAULO,420,FERNANDO HADDAD,25741
61425,NOVA CANAA PAULISTA,187,FERNANDO HADDAD,526
65374,ITAI,301,FERNANDO HADDAD,4583
70211,SANTA BRANCA,112,FERNANDO HADDAD,1929
64017,EMBU DAS ARTES,391,FERNANDO HADDAD,31184
62596,BROTAS,28,FERNANDO HADDAD,2373
67890,OSASCO,332,FERNANDO HADDAD,15285
62014,BARAO DE ANTONINA,56,JAIR MESSIAS BOLSONARO,1018
66737,MANDURI,94,JAIR MESSIAS BOLSONARO,3680
70998,SAO JOSE DOS CAMPOS,127,JAIR MESSIAS BOLSONARO,69848
70297,SANTA CRUZ DO RIO PARDO,114,JAIR MESSIAS BOLSONARO,19301
64653,GUARARAPES,151,JAIR MESSIAS BOLSONARO,12499
71072,SAO PAULO,249,JAIR MESSIAS BOLSONARO,60327
61905,SAO LOURENCO DA SERRA,201,JAIR MESSIAS BOLSONARO,4808
64335,GALIA,47,FERNANDO HADDAD,1321
63614,COTIA,227,FERNANDO HADDAD,28376
67113,MOCOCA,73,FERNANDO HADDAD,7963
71072,SAO PAULO,418,FERNANDO HADDAD,56004
71072,SAO PAULO,326,FERNANDO HADDAD,29869
70874,SAO JOAO DO PAU D ALHO,175,FERNANDO HADDAD,579
65072,IGUAPE,51,JAIR MESSIAS BOLSONARO,9249
70793,SAO CARLOS,410,JAIR MESSIAS BOLSONARO,36735
61220,ALUMINIO,131,JAIR MESSIAS BOLSONARO,6530
64971,ICEM,78,JAIR MESSIAS BOLSONARO,2576
65390,ITAJOBI,79,JAIR MESSIAS BOLSONARO,7102
62081,BREJO ALEGRE,25,JAIR MESSIAS BOLSONARO,899
63770,DIADEMA,222,JAIR MESSIAS BOLSONARO,34375
61638,ARARAQUARA,385,JAIR MESSIAS BOLSONARO,39412
67199,MOMBUCA,38,FERNANDO HADDAD,508
61379,AMPARO,8,FERNANDO HADDAD,7048
72419,VISTA ALEGRE DO ALTO,76,FERNANDO HADDAD,1100
65030,IGARAPAVA,50,FERNANDO HADDAD,5004
71072,SAO PAULO,417,FERNANDO HADDAD,31919
72257,VALINHOS,34,JAIR MESSIAS BOLSONARO,48664
62979,CAMPOS NOVOS PAULISTA,83,JAIR MESSIAS BOLSONARO,1714
71676,TAMBAU,116,JAIR MESSIAS BOLSONARO,7596
61000,EUCLIDES DA CUNHA PAULISTA,330,JAIR MESSIAS BOLSONARO,1660
67857,ORINDIUVA,164,JAIR MESSIAS BOLSONARO,1902
71072,SAO PAULO,1,JAIR MESSIAS BOLSONARO,58075
70777,SAO CAETANO DO SUL,269,JAIR MESSIAS BOLSONARO,41712
71072,SAO PAULO,392,JAIR MESSIAS BOLSONARO,54690
64815,HERCULANDIA,184,FERNANDO HADDAD,1484
70653,SANTO ANTONIO DO PINHAL,314,FERNANDO HADDAD,942
63975,ELDORADO,148,FERNANDO HADDAD,3256
70572,SANTO ANDRE,264,FERNANDO HADDAD,16432
71072,SAO PAULO,249,FERNANDO HADDAD,20686
63673,CRUZALIA,290,FERNANDO HADDAD,488
61832,AURIFLAMA,225,JAIR MESSIAS BOLSONARO,5561
62090,BARRETOS,21,JAIR MESSIAS BOLSONARO,40754
61190,ALTINOPOLIS,202,JAIR MESSIAS BOLSONARO,5115
65510,ITAPEVI,359,JAIR MESSIAS BOLSONARO,57076
68470,PENAPOLIS,87,JAIR MESSIAS BOLSONARO,22610
71838,TAUBATE,407,JAIR MESSIAS BOLSONARO,77586
61484,CAJATI,228,JAIR MESSIAS BOLSONARO,11259
66192,JUNDIAI,424,JAIR MESSIAS BOLSONARO,43950
68411,PEDREGULHO,155,JAIR MESSIAS BOLSONARO,4262
62936,CAMPO LIMPO PAULISTA,344,JAIR MESSIAS BOLSONARO,28924
62138,BARUERI,199,JAIR MESSIAS BOLSONARO,57810
61433,ANGATUBA,215,JAIR MESSIAS BOLSONARO,7903
70173,SANTA BARBARA D OESTE,186,JAIR MESSIAS BOLSONARO,76429
71072,SAO PAULO,397,JAIR MESSIAS BOLSONARO,55960
71072,SAO PAULO,248,JAIR MESSIAS BOLSONARO,62087
66354,LEME,188,JAIR MESSIAS BOLSONARO,38007
61085,IARAS,205,JAIR MESSIAS BOLSONARO,1263
64556,GUARA,60,FERNANDO HADDAD,3833
72095,UBATUBA,144,FERNANDO HADDAD,11741
62367,NOVA CASTILHO,225,FERNANDO HADDAD,206
62103,CANAS,68,FERNANDO HADDAD,698
66192,JUNDIAI,65,FERNANDO HADDAD,13682
70572,SANTO ANDRE,307,FERNANDO HADDAD,21644
62693,CABREUVA,59,JAIR MESSIAS BOLSONARO,17136
71730,TAPIRATIBA,30,JAIR MESSIAS BOLSONARO,4350
62910,CAMPINAS,275,JAIR MESSIAS BOLSONARO,68382
71072,SAO PAULO,421,JAIR MESSIAS BOLSONARO,52813
70998,SAO JOSE DOS CAMPOS,412,JAIR MESSIAS BOLSONARO,96266
62855,CAJAMAR,354,JAIR MESSIAS BOLSONARO,26934
62448,TRABIJU,107,JAIR MESSIAS BOLSONARO,681
65455,ITAPECERICA DA SERRA,201,JAIR MESSIAS BOLSONARO,41677
72230,VALENTIM GENTIL,147,FERNANDO HADDAD,1616
67814,ONDA VERDE,78,FERNANDO HADDAD,792
68934,PLANALTO,214,FERNANDO HADDAD,1127
67652,NOVA INDEPENDENCIA,9,FERNANDO HADDAD,786
66532,LUIS ANTONIO,133,FERNANDO HADDAD,2101
71072,SAO PAULO,405,FERNANDO HADDAD,31399
66915,MENDONCA,64,FERNANDO HADDAD,953
67750,OCAUCU,180,JAIR MESSIAS BOLSONARO,1374
71072,SAO PAULO,351,JAIR MESSIAS BOLSONARO,49857
68098,PANORAMA,175,JAIR MESSIAS BOLSONARO,4670
68438,PEDREIRA,333,JAIR MESSIAS BOLSONARO,19185
67172,MOGI MIRIM,75,FERNANDO HADDAD,8423
61883,SAO JOAO DE IRACEMA,225,FERNANDO HADDAD,534
69370,QUEIROZ,99,FERNANDO HADDAD,659
64874,IBATE,410,FERNANDO HADDAD,5182
63770,DIADEMA,329,FERNANDO HADDAD,54542
68390,PEDRANOPOLIS,302,FERNANDO HADDAD,527
66834,MARINOPOLIS,232,FERNANDO HADDAD,496
67377,MONTE MOR,358,FERNANDO HADDAD,9225
72117,UBIRAJARA,159,FERNANDO HADDAD,946
69175,POTIRENDABA,126,FERNANDO HADDAD,2098
66214,JUNQUEIROPOLIS,196,JAIR MESSIAS BOLSONARO,7384
70211,SANTA BRANCA,112,JAIR MESSIAS BOLSONARO,6230
66559,LUIZIANIA,289,JAIR MESSIAS BOLSONARO,1772
71013,SAO LUIS DO PARAITINGA,128,JAIR MESSIAS BOLSONARO,4486
71579,TABOAO DA SERRA,324,FERNANDO HADDAD,24392
67458,"NARANDIBA",261,FERNANDO HADDAD,1264
61042,TARUMA,290,FERNANDO HADDAD,2247
66230,JUQUIA,223,FERNANDO HADDAD,2622
64890,IBIRA,179,FERNANDO HADDAD,1258
70556,SANTO ANASTACIO,117,FERNANDO HADDAD,3286
67776,OLEO,94,JAIR MESSIAS BOLSONARO,1351
65692,ITATIBA,58,JAIR MESSIAS BOLSONARO,44476
62634,BURITAMA,214,JAIR MESSIAS BOLSONARO,6252
70718,SANTOS,272,JAIR MESSIAS BOLSONARO,57719
69612,RIBEIRAO BRANCO,53,FERNANDO HADDAD,4489
62030,BARIRI,19,FERNANDO HADDAD,2855
65358,ITABERA,53,FERNANDO HADDAD,3802
61930,BALBINOS,95,FERNANDO HADDAD,227
64777,GUARULHOS,394,FERNANDO HADDAD,38334
66575,LUPERCIO,180,FERNANDO HADDAD,792
68438,PEDREIRA,333,FERNANDO HADDAD,4055
69299,PRESIDENTE PRUDENTE,101,FERNANDO HADDAD,12615
70017,SALESOPOLIS,112,FERNANDO HADDAD,2566
64491,GUAIRA,169,FERNANDO HADDAD,4898
68110,PARAGUACU PAULISTA,12,FERNANDO HADDAD,6277
71757,TAQUARITINGA,139,FERNANDO HADDAD,7212
71072,SAO PAULO,375,FERNANDO HADDAD,77875
67512,NEVES PAULISTA,72,FERNANDO HADDAD,1359
70939,SAO JOSE DO BARREIRO,18,JAIR MESSIAS BOLSONARO,1273
66931,MERIDIANO,302,JAIR MESSIAS BOLSONARO,1576
63355,CHARQUEADA,244,JAIR MESSIAS BOLSONARO,7063
64076,ESTRELA DO NORTE,261,JAIR MESSIAS BOLSONARO,875
70912,SAO JOSE DA BELA VISTA,240,JAIR MESSIAS BOLSONARO,2571
70076,SALTO DE PIRAPORA,294,FERNANDO HADDAD,5774
70319,SANTA ERNESTINA,139,FERNANDO HADDAD,1257
62790,CAIABU,167,FERNANDO HADDAD,1105
71072,SAO PAULO,246,FERNANDO HADDAD,22071
62200,SANTA SALETE,427,FERNANDO HADDAD,307
71072,SAO PAULO,421,FERNANDO HADDAD,43875
61328,SANTO ANTONIO DO ARACANGUA,299,FERNANDO HADDAD,1594
71331,SERRA NEGRA,134,FERNANDO HADDAD,2712
71455,SOROCABA,137,FERNANDO HADDAD,11933
62650,BURITIZAL,50,FERNANDO HADDAD,545
62570,BRODOWSKI,204,FERNANDO HADDAD,2279
66419,LINDOIA,134,FERNANDO HADDAD,726
61409,NOVAIS,179,FERNANDO HADDAD,729
68535,PERUIBE,295,JAIR MESSIAS BOLSONARO,23235
63371,CHAVANTES,313,JAIR MESSIAS BOLSONARO,4551
70076,SALTO DE PIRAPORA,294,JAIR MESSIAS BOLSONARO,14417
61271,ALVARO DE CARVALHO,47,JAIR MESSIAS BOLSONARO,1208
70572,SANTO ANDRE,307,JAIR MESSIAS BOLSONARO,37186
61301,SUZANAPOLIS,88,JAIR MESSIAS BOLSONARO,1133
62120,PRACINHA,69,JAIR MESSIAS BOLSONARO,578
69957,SAGRES,163,JAIR MESSIAS BOLSONARO,865
71099,SAO PEDRO,130,FERNANDO HADDAD,3133
62138,BARUERI,199,FERNANDO HADDAD,34979
65994,JAMBEIRO,29,FERNANDO HADDAD,707
70432,SANTA MERCEDES,175,FERNANDO HADDAD,653
70696,SANTOPOLIS DO AGUAPEI,25,FERNANDO HADDAD,662
67393,MORRO AGUDO,336,FERNANDO HADDAD,4089
66010,JANDIRA,304,FERNANDO HADDAD,20346
61280,BERTIOGA,272,FERNANDO HADDAD,8884
71811,TATUI,140,FERNANDO HADDAD,11048
71072,SAO PAULO,397,FERNANDO HADDAD,46427
64971,ICEM,78,FERNANDO HADDAD,1506
68713,PIQUETE,68,FERNANDO HADDAD,1412
64254,FRANCA,46,FERNANDO HADDAD,19570
65390,ITAJOBI,79,FERNANDO HADDAD,1372
67911,OSCAR BRESSANE,12,FERNANDO HADDAD,386
61603,ITAOCA,10,FERNANDO HADDAD,910
70254,SANTA CRUZ DA CONCEICAO,188,FERNANDO HADDAD,532
66354,LEME,188,FERNANDO HADDAD,11306
61310,AMERICANA,158,FERNANDO HADDAD,12038
63770,DIADEMA,426,FERNANDO HADDAD,29343
68195,PARANAPUA,427,FERNANDO HADDAD,698
67938,OSVALDO CRUZ,163,FERNANDO HADDAD,2944
70777,SAO CAETANO DO SUL,269,FERNANDO HADDAD,13182
71072,SAO PAULO,374,FERNANDO HADDAD,67973
62332,BOA ESPERANCA DO SUL,107,FERNANDO HADDAD,3013
64777,GUARULHOS,394,JAIR MESSIAS BOLSONARO,61367
68012,PALESTINA,224,JAIR MESSIAS BOLSONARO,4109
63495,CORDEIROPOLIS,243,JAIR MESSIAS BOLSONARO,10191
63150,CARDOSO,224,JAIR MESSIAS BOLSONARO,3859
71072,SAO PAULO,1,FERNANDO HADDAD,47559
66613,MACATUBA,86,FERNANDO HADDAD,1959
71072,SAO PAULO,20,FERNANDO HADDAD,56693
70351,SANTA GERTRUDES,243,FERNANDO HADDAD,2778
61166,ROSANA,330,FERNANDO HADDAD,4417
62278,BILAC,210,FERNANDO HADDAD,852
61492,APARECIDA,190,FERNANDO HADDAD,4553
67733,NUPORANGA,81,FERNANDO HADDAD,917
64610,GUARANI D OESTE,302,FERNANDO HADDAD,459
72133,UCHOA,312,FERNANDO HADDAD,1469
66877,MATAO,170,FERNANDO HADDAD,12776
70475,SANTANA DE PARNAIBA,386,FERNANDO HADDAD,20077
65218,IPERO,369,FERNANDO HADDAD,4683
64211,FLORIDA PAULISTA,157,FERNANDO HADDAD,1626
67890,OSASCO,277,FERNANDO HADDAD,17677
70750,SAO BERNARDO DO CAMPO,174,FERNANDO HADDAD,45539
64092,FARTURA,234,FERNANDO HADDAD,2741
64777,GUARULHOS,279,JAIR MESSIAS BOLSONARO,53694
65137,INDIANA,71,JAIR MESSIAS BOLSONARO,2153
61344,CANITAR,313,JAIR MESSIAS BOLSONARO,1536
71811,TATUI,140,JAIR MESSIAS BOLSONARO,45426
71617,TAGUAI,234,FERNANDO HADDAD,1878
68870,PIRASSUNUNGA,96,FERNANDO HADDAD,7167
67997,PACAEMBU,196,FERNANDO HADDAD,1359
61875,AVANHANDAVA,289,FERNANDO HADDAD,1855
61654,ARARAS,14,FERNANDO HADDAD,13466
71072,SAO PAULO,325,FERNANDO HADDAD,22269
63290,CERQUEIRA CESAR,205,FERNANDO HADDAD,2572
62995,CANANEIA,36,FERNANDO HADDAD,1944
66974,MINEIROS DO TIETE,241,FERNANDO HADDAD,1148
62340,"NANTES",106,FERNANDO HADDAD,668
71072,SAO PAULO,2,FERNANDO HADDAD,46067
69337,PROMISSAO,103,FERNANDO HADDAD,5333
65595,ITAPUI,241,FERNANDO HADDAD,1491
69353,QUATA,106,FERNANDO HADDAD,1869
69035,PONGAI,95,FERNANDO HADDAD,461
70572,SANTO ANDRE,156,FERNANDO HADDAD,20830
62197,BAURU,300,FERNANDO HADDAD,14285
66117,JOANOPOLIS,92,FERNANDO HADDAD,1231
62774,CAFELANDIA,31,JAIR MESSIAS BOLSONARO,6467
67873,ORLANDIA,81,JAIR MESSIAS BOLSONARO,15111
63754,DESCALVADO,44,JAIR MESSIAS BOLSONARO,13415
62456,BORACEIA,86,JAIR MESSIAS BOLSONARO,1860
62898,CAJURU,32,JAIR MESSIAS BOLSONARO,7421
61441,SALTINHO,270,JAIR MESSIAS BOLSONARO,4454
67695,NOVA ODESSA,292,FERNANDO HADDAD,8377
64777,GUARULHOS,279,FERNANDO HADDAD,26141
61263,ARACARIGUAMA,131,FERNANDO HADDAD,3192
70777,SAO CAETANO DO SUL,166,FERNANDO HADDAD,12332
64777,GUARULHOS,395,JAIR MESSIAS BOLSONARO,51681
69531,REGISTRO,172,JAIR MESSIAS BOLSONARO,21153
66010,JANDIRA,304,JAIR MESSIAS BOLSONARO,32976
68357,PEDERNEIRAS,86,JAIR MESSIAS BOLSONARO,17622
66591,LUTECIA,12,JAIR MESSIAS BOLSONARO,1001
72052,TURIUBA,214,FERNANDO HADDAD,295
70173,SANTA BARBARA D OESTE,186,FERNANDO HADDAD,22479
69299,PRESIDENTE PRUDENTE,402,FERNANDO HADDAD,12772
70750,SAO BERNARDO DO CAMPO,283,FERNANDO HADDAD,17008
71072,SAO PAULO,404,FERNANDO HADDAD,68204
70890,SAO JOAQUIM DA BARRA,123,FERNANDO HADDAD,7321
61050,AGUAI,122,FERNANDO HADDAD,4335
62294,BIRIGUI,25,FERNANDO HADDAD,10302
66893,MAUA,217,FERNANDO HADDAD,20452
61662,ESTIVA GERBI,216,JAIR MESSIAS BOLSONARO,4662
72192,URU,95,JAIR MESSIAS BOLSONARO,767
71315,SERRANA,109,JAIR MESSIAS BOLSONARO,14648
71358,SERTAOZINHO,135,JAIR MESSIAS BOLSONARO,41928
62294,BIRIGUI,25,JAIR MESSIAS BOLSONARO,50564
63711,CUBATAO,119,JAIR MESSIAS BOLSONARO,39026
64459,GUAICARA,297,JAIR MESSIAS BOLSONARO,4101
68799,PIRAJUI,95,JAIR MESSIAS BOLSONARO,7875
62375,BOFETE,41,JAIR MESSIAS BOLSONARO,3568
71072,SAO PAULO,353,JAIR MESSIAS BOLSONARO,58777
70793,SAO CARLOS,121,FERNANDO HADDAD,22258
70335,SANTA FE DO SUL,187,FERNANDO HADDAD,3560
61220,ALUMINIO,131,FERNANDO HADDAD,3054
63894,DRACENA,149,FERNANDO HADDAD,4710
62227,VITORIA BRASIL,233,FERNANDO HADDAD,405
65978,JALES,152,FERNANDO HADDAD,5694
69876,ROSEIRA,190,FERNANDO HADDAD,1409
70238,SANTA CLARA D OESTE,187,FERNANDO HADDAD,464
68497,PEREIRA BARRETO,88,FERNANDO HADDAD,3915
65099,ILHABELA,132,FERNANDO HADDAD,5042
61581,ALAMBARI,52,FERNANDO HADDAD,747
66753,MARABA PAULISTA,102,FERNANDO HADDAD,1057
62359,BOCAINA,241,JAIR MESSIAS BOLSONARO,4892
66435,LINS,67,JAIR MESSIAS BOLSONARO,31675
67253,MONTE ALEGRE DO SUL,8,JAIR MESSIAS BOLSONARO,3389
67130,MOGI DAS CRUZES,74,JAIR MESSIAS BOLSONARO,50282
66419,LINDOIA,134,JAIR MESSIAS BOLSONARO,3300
72354,VERA CRUZ,180,JAIR MESSIAS BOLSONARO,4082
62111,BARRINHA,135,JAIR MESSIAS BOLSONARO,9469
68039,PALMARES PAULISTA,111,JAIR MESSIAS BOLSONARO,3332
65579,ITAPORANGA,56,JAIR MESSIAS BOLSONARO,5204
70734,SAO BENTO DO SAPUCAI,314,JAIR MESSIAS BOLSONARO,4667
66796,MARIAPOLIS,157,JAIR MESSIAS BOLSONARO,1275
71072,SAO PAULO,253,JAIR MESSIAS BOLSONARO,113283
62189,SANTA CRUZ DA ESPERANCA,32,FERNANDO HADDAD,375
70513,SANTA RITA DO PASSA QUATRO,116,FERNANDO HADDAD,2484
63193,CASSIA DOS COQUEIROS,32,FERNANDO HADDAD,602
64793,GUZOLANDIA,225,FERNANDO HADDAD,1073
63118,CARAGUATATUBA,206,FERNANDO HADDAD,17363
61980,NOVA CAMPINA,53,JAIR MESSIAS BOLSONARO,2877
63053,CAPAO BONITO,37,JAIR MESSIAS BOLSONARO,17480
64955,IBIUNA,191,JAIR MESSIAS BOLSONARO,28966
64890,IBIRA,179,JAIR MESSIAS BOLSONARO,4842
61956,BALSAMO,72,JAIR MESSIAS BOLSONARO,4204
69213,PRAIA GRANDE,317,JAIR MESSIAS BOLSONARO,52274
71072,SAO PAULO,348,JAIR MESSIAS BOLSONARO,52885
61727,HORTOLANDIA,361,JAIR MESSIAS BOLSONARO,68606
70599,SANTO ANTONIO DA ALEGRIA,202,JAIR MESSIAS BOLSONARO,2294
68896,PIRATININGA,23,JAIR MESSIAS BOLSONARO,5001
67830,ORIENTE,180,FERNANDO HADDAD,923
65811,ITUPEVA,65,FERNANDO HADDAD,6544
69850,RIOLANDIA,164,FERNANDO HADDAD,2102
68551,PIACATU,210,FERNANDO HADDAD,930
61743,HOLAMBRA,75,FERNANDO HADDAD,1695
66435,LINS,67,FERNANDO HADDAD,6317
72214,URUPES,207,FERNANDO HADDAD,1572
63657,CRISTAIS PAULISTA,240,FERNANDO HADDAD,1377
61646,ARAPEI,18,FERNANDO HADDAD,624
65676,ITARIRI,295,FERNANDO HADDAD,1705
69795,RIO CLARO,110,FERNANDO HADDAD,11404
68454,PEDRO DE TOLEDO,295,FERNANDO HADDAD,1584
71110,SAO PEDRO DO TURVO,114,FERNANDO HADDAD,1297
70998,SAO JOSE DOS CAMPOS,127,FERNANDO HADDAD,21099
67296,MONTE APRAZIVEL,77,FERNANDO HADDAD,2964
62413,BOM JESUS DOS PERDOES,16,FERNANDO HADDAD,2769
70092,SALTO GRANDE,313,JAIR MESSIAS BOLSONARO,2936
66095,JERIQUARA,155,JAIR MESSIAS BOLSONARO,1114
63037,CANDIDO RODRIGUES,139,JAIR MESSIAS BOLSONARO,1227
61611,ARANDU,301,JAIR MESSIAS BOLSONARO,2679
71072,SAO PAULO,375,JAIR MESSIAS BOLSONARO,86995
64556,GUARA,60,JAIR MESSIAS BOLSONARO,5779
69817,RIO DAS PEDRAS,244,JAIR MESSIAS BOLSONARO,12839
63193,CASSIA DOS COQUEIROS,32,JAIR MESSIAS BOLSONARO,1106
71072,SAO PAULO,326,JAIR MESSIAS BOLSONARO,43839
71072,SAO PAULO,6,JAIR MESSIAS BOLSONARO,76201
70114,SANDOVALINA,261,JAIR MESSIAS BOLSONARO,983
63096,CAPIVARI,38,JAIR MESSIAS BOLSONARO,20783
62170,BATATAIS,22,JAIR MESSIAS BOLSONARO,20371
70971,SAO JOSE DO RIO PRETO,125,JAIR MESSIAS BOLSONARO,50302
66974,MINEIROS DO TIETE,241,JAIR MESSIAS BOLSONARO,5035
71455,SOROCABA,271,JAIR MESSIAS BOLSONARO,49799
68616,PINDAMONHANGABA,90,JAIR MESSIAS BOLSONARO,60525
62197,BAURU,387,JAIR MESSIAS BOLSONARO,42393
71072,SAO PAULO,320,JAIR MESSIAS BOLSONARO,73364
69396,QUELUZ,42,JAIR MESSIAS BOLSONARO,2652
61506,CAMPINA DO MONTE ALEGRE,215,FERNANDO HADDAD,982
63410,COLINA,178,FERNANDO HADDAD,3022
62758,CACONDE,30,FERNANDO HADDAD,3160
67318,MONTE AZUL PAULISTA,171,FERNANDO HADDAD,2263
63150,CARDOSO,224,FERNANDO HADDAD,2379
71250,SARUTAIA,234,FERNANDO HADDAD,925
70955,SAO JOSE DO RIO PARDO,124,JAIR MESSIAS BOLSONARO,20490
62910,CAMPINAS,33,JAIR MESSIAS BOLSONARO,32405
62413,BOM JESUS DOS PERDOES,16,JAIR MESSIAS BOLSONARO,8597
71471,SUD MENNUCCI,88,JAIR MESSIAS BOLSONARO,2579
63975,ELDORADO,148,JAIR MESSIAS BOLSONARO,3890
61425,NOVA CANAA PAULISTA,187,JAIR MESSIAS BOLSONARO,750
67954,OURINHOS,82,JAIR MESSIAS BOLSONARO,39357
67474,"NATIVIDADE DA SERRA",84,JAIR MESSIAS BOLSONARO,2786
62910,CAMPINAS,380,JAIR MESSIAS BOLSONARO,59535
71757,TAQUARITINGA,139,JAIR MESSIAS BOLSONARO,18278
69078,PONTES GESTAL,224,JAIR MESSIAS BOLSONARO,1133
71277,SEBASTIANOPOLIS DO SUL,77,JAIR MESSIAS BOLSONARO,1600
72370,VINHEDO,345,JAIR MESSIAS BOLSONARO,34113
61603,ITAOCA,10,JAIR MESSIAS BOLSONARO,888
62510,BRAGANCA PAULISTA,298,JAIR MESSIAS BOLSONARO,9329
63436,COLOMBIA,21,JAIR MESSIAS BOLSONARO,2160
66834,MARINOPOLIS,232,JAIR MESSIAS BOLSONARO,772
67890,OSASCO,331,FERNANDO HADDAD,38626
70610,SANTO ANTONIO DE POSSE,333,FERNANDO HADDAD,2397
62049,TORRE DE PEDRA,140,FERNANDO HADDAD,359
61310,AMERICANA,384,FERNANDO HADDAD,15006
71579,TABOAO DA SERRA,416,FERNANDO HADDAD,39909
65790,ITU,59,FERNANDO HADDAD,18904
72257,VALINHOS,34,FERNANDO HADDAD,14322
65137,INDIANA,71,FERNANDO HADDAD,715
71072,SAO PAULO,376,FERNANDO HADDAD,73725
67776,OLEO,94,FERNANDO HADDAD,382
61158,ALFREDO MARCONDES,182,FERNANDO HADDAD,853
64831,IACANGA,49,FERNANDO HADDAD,1183
68632,PINDORAMA,111,FERNANDO HADDAD,1858
70572,SANTO ANDRE,383,JAIR MESSIAS BOLSONARO,44504
66036,JARDINOPOLIS,204,JAIR MESSIAS BOLSONARO,14129
66958,MIGUELOPOLIS,208,JAIR MESSIAS BOLSONARO,5545
66818,MARILIA,70,JAIR MESSIAS BOLSONARO,44074
69493,REGENTE FEIJO,167,JAIR MESSIAS BOLSONARO,7553
61778,ARUJA,335,FERNANDO HADDAD,13943
62375,BOFETE,41,FERNANDO HADDAD,1338
61913,BADY BASSITT,126,FERNANDO HADDAD,1762
69736,RIFAINA,155,FERNANDO HADDAD,857
68756,PIRACICABA,93,FERNANDO HADDAD,14372
66516,LUCIANOPOLIS,159,FERNANDO HADDAD,492
72397,VIRADOURO,98,JAIR MESSIAS BOLSONARO,7182
68810,PIRANGI,76,JAIR MESSIAS BOLSONARO,4320
71439,SOCORRO,136,JAIR MESSIAS BOLSONARO,17090
71072,SAO PAULO,260,JAIR MESSIAS BOLSONARO,78259
62910,CAMPINAS,379,JAIR MESSIAS BOLSONARO,68720
69175,POTIRENDABA,126,JAIR MESSIAS BOLSONARO,6553
72338,VARZEA PAULISTA,242,JAIR MESSIAS BOLSONARO,39776
61450,ANHEMBI,41,JAIR MESSIAS BOLSONARO,2504
70572,SANTO ANDRE,306,JAIR MESSIAS BOLSONARO,43520
61131,AGUDOS,7,FERNANDO HADDAD,4571
69213,PRAIA GRANDE,406,FERNANDO HADDAD,22155
72010,TUPA,143,FERNANDO HADDAD,6625
63835,DOIS CORREGOS,241,JAIR MESSIAS BOLSONARO,9845
68870,PIRASSUNUNGA,96,JAIR MESSIAS BOLSONARO,32142
61948,ITAPIRAPUA PAULISTA,10,JAIR MESSIAS BOLSONARO,1128
71072,SAO PAULO,352,JAIR MESSIAS BOLSONARO,74737
69159,PORTO FERREIRA,194,JAIR MESSIAS BOLSONARO,22295
72150,UNIAO PAULISTA,77,JAIR MESSIAS BOLSONARO,705
68136,PARAIBUNA,84,JAIR MESSIAS BOLSONARO,6189
61085,IARAS,205,FERNANDO HADDAD,1383
61433,ANGATUBA,215,FERNANDO HADDAD,4055
68977,POA,219,FERNANDO HADDAD,22471
70157,SANTA ALBERTINA,427,FERNANDO HADDAD,859
71072,SAO PAULO,389,FERNANDO HADDAD,59772
61344,CANITAR,313,FERNANDO HADDAD,859
66052,JARINU,16,FERNANDO HADDAD,3659
61093,AGUAS DE LINDOIA,134,FERNANDO HADDAD,1712
62430,BORA,12,FERNANDO HADDAD,234
70858,SAO JOAO DAS DUAS PONTES,233,JAIR MESSIAS BOLSONARO,873
71234,SARAPUI,52,JAIR MESSIAS BOLSONARO,3125
70971,SAO JOSE DO RIO PRETO,267,JAIR MESSIAS BOLSONARO,72869
66699,MAIRINQUE,131,JAIR MESSIAS BOLSONARO,17565
63819,DOBRADA,170,JAIR MESSIAS BOLSONARO,2260
71951,TORRINHA,28,JAIR MESSIAS BOLSONARO,4030
62871,CAJOBI,171,FERNANDO HADDAD,1537
71072,SAO PAULO,398,FERNANDO HADDAD,28307
66850,MARTINOPOLIS,71,FERNANDO HADDAD,3596
68837,PIRAPORA DO BOM JESUS,386,JAIR MESSIAS BOLSONARO,4938
67890,OSASCO,213,JAIR MESSIAS BOLSONARO,37640
62910,CAMPINAS,33,FERNANDO HADDAD,11961
66192,JUNDIAI,424,FERNANDO HADDAD,12275
69574,RIBEIRA,10,FERNANDO HADDAD,981
61735,ARIRANHA,111,FERNANDO HADDAD,1207
69035,PONGAI,95,JAIR MESSIAS BOLSONARO,1723
67296,MONTE APRAZIVEL,77,JAIR MESSIAS BOLSONARO,8523
61743,HOLAMBRA,75,JAIR MESSIAS BOLSONARO,5866
62073,BARRA DO TURVO,228,JAIR MESSIAS BOLSONARO,1846
63312,CERQUILHO,355,JAIR MESSIAS BOLSONARO,20269
67032,MIRANDOPOLIS,153,JAIR MESSIAS BOLSONARO,10035
68314,PAULINIA,323,FERNANDO HADDAD,14863
65838,ITUVERAVA,60,JAIR MESSIAS BOLSONARO,13229
66630,MACAUBAL,77,JAIR MESSIAS BOLSONARO,3119
65897,JACAREI,62,JAIR MESSIAS BOLSONARO,43901
71072,SAO PAULO,250,JAIR MESSIAS BOLSONARO,80586
61310,AMERICANA,384,JAIR MESSIAS BOLSONARO,52283
70890,SAO JOAQUIM DA BARRA,123,JAIR MESSIAS BOLSONARO,16374
67890,OSASCO,331,JAIR MESSIAS BOLSONARO,43771
65650,ITARARE,57,JAIR MESSIAS BOLSONARO,17141
67598,NOVA EUROPA,13,JAIR MESSIAS BOLSONARO,2740
62499,BOTUCATU,26,JAIR MESSIAS BOLSONARO,52219
68950,PLATINA,83,JAIR MESSIAS BOLSONARO,1299
72079,TURMALINA,233,JAIR MESSIAS BOLSONARO,725
62430,BORA,12,JAIR MESSIAS BOLSONARO,525
67733,NUPORANGA,81,JAIR MESSIAS BOLSONARO,3045
67938,OSVALDO CRUZ,163,JAIR MESSIAS BOLSONARO,13016
71072,SAO PAULO,257,JAIR MESSIAS BOLSONARO,87993
61697,AREIAS,42,JAIR MESSIAS BOLSONARO,963
61530,APIAI,10,JAIR MESSIAS BOLSONARO,7214
61263,ARACARIGUAMA,131,JAIR MESSIAS BOLSONARO,7212
63258,CATIGUA,179,JAIR MESSIAS BOLSONARO,3140
71072,SAO PAULO,349,JAIR MESSIAS BOLSONARO,56429
63991,ELIAS FAUSTO,358,JAIR MESSIAS BOLSONARO,6815
68519,PEREIRAS,41,JAIR MESSIAS BOLSONARO,3174
64475,GUAIMBE,297,JAIR MESSIAS BOLSONARO,1843
61638,ARARAQUARA,13,JAIR MESSIAS BOLSONARO,30928
68071,PALMITAL,83,JAIR MESSIAS BOLSONARO,8520
66370,LENCOIS PAULISTA,161,JAIR MESSIAS BOLSONARO,29023
71854,TEJUPA,94,JAIR MESSIAS BOLSONARO,1323
71072,SAO PAULO,252,JAIR MESSIAS BOLSONARO,55023
65730,ITIRAPINA,245,JAIR MESSIAS BOLSONARO,4739
68314,PAULINIA,323,JAIR MESSIAS BOLSONARO,37123
63118,CARAGUATATUBA,206,JAIR MESSIAS BOLSONARO,42855
69230,PRESIDENTE ALVES,95,JAIR MESSIAS BOLSONARO,1733
69515,REGINOPOLIS,95,JAIR MESSIAS BOLSONARO,2621
72133,UCHOA,312,JAIR MESSIAS BOLSONARO,3927
61689,ENGENHEIRO COELHO,75,JAIR MESSIAS BOLSONARO,7049
61840,TAQUARIVAI,53,JAIR MESSIAS BOLSONARO,2255
68217,PARAPUA,163,JAIR MESSIAS BOLSONARO,4079
68730,PIRACAIA,92,JAIR MESSIAS BOLSONARO,11625
71218,SAO VICENTE,177,JAIR MESSIAS BOLSONARO,45714
61174,ALTAIR,80,JAIR MESSIAS BOLSONARO,1269
68551,PIACATU,210,JAIR MESSIAS BOLSONARO,2466
67059,MIRANTE DO PARANAPANEMA,165,JAIR MESSIAS BOLSONARO,3947
64858,IACRI,184,JAIR MESSIAS BOLSONARO,2579
70416,SANTA MARIA DA SERRA,130,JAIR MESSIAS BOLSONARO,2074
71072,SAO PAULO,408,JAIR MESSIAS BOLSONARO,53112
67512,NEVES PAULISTA,72,JAIR MESSIAS BOLSONARO,3699
61166,ROSANA,330,JAIR MESSIAS BOLSONARO,4592
61786,BOM SUCESSO DE ITARARE,57,JAIR MESSIAS BOLSONARO,1090
63959,ECHAPORA,15,JAIR MESSIAS BOLSONARO,2431
66133,JOAO RAMALHO,106,JAIR MESSIAS BOLSONARO,1403
68292,PAULICEIA,175,JAIR MESSIAS BOLSONARO,2614
65811,ITUPEVA,65,JAIR MESSIAS BOLSONARO,21693
72273,VALPARAISO,146,JAIR MESSIAS BOLSONARO,7449
62162,QUADRA,140,JAIR MESSIAS BOLSONARO,1506
68110,PARAGUACU PAULISTA,12,JAIR MESSIAS BOLSONARO,14579
70670,SANTO EXPEDITO,182,JAIR MESSIAS BOLSONARO,1125
62790,CAIABU,167,JAIR MESSIAS BOLSONARO,1305
71072,SAO PAULO,404,JAIR MESSIAS BOLSONARO,54117
70793,SAO CARLOS,121,JAIR MESSIAS BOLSONARO,46467
61255,ALVARES MACHADO,182,JAIR MESSIAS BOLSONARO,8536
66079,JAU,63,JAIR MESSIAS BOLSONARO,57771
63533,CORONEL MACEDO,236,JAIR MESSIAS BOLSONARO,1362
72737,VARGEM GRANDE PAULISTA,286,JAIR MESSIAS BOLSONARO,17252
71510,SUZANO,415,JAIR MESSIAS BOLSONARO,45082
61590,ARAMINA,50,JAIR MESSIAS BOLSONARO,1834
61719,AREIOPOLIS,129,JAIR MESSIAS BOLSONARO,3791
61875,AVANHANDAVA,289,JAIR MESSIAS BOLSONARO,3257
70831,SAO JOAO DA BOA VISTA,122,JAIR MESSIAS BOLSONARO,36546
65030,IGARAPAVA,50,JAIR MESSIAS BOLSONARO,8041
61646,ARAPEI,18,JAIR MESSIAS BOLSONARO,950
64718,GUAREI,140,JAIR MESSIAS BOLSONARO,4601
68675,PINHALZINHO,136,JAIR MESSIAS BOLSONARO,5461
71595,TACIBA,167,JAIR MESSIAS BOLSONARO,1949
67199,MOMBUCA,38,JAIR MESSIAS BOLSONARO,1788
62049,TORRE DE PEDRA,140,JAIR MESSIAS BOLSONARO,1230
70610,SANTO ANTONIO DE POSSE,333,JAIR MESSIAS BOLSONARO,8882
69574,RIBEIRA,10,JAIR MESSIAS BOLSONARO,988
70815,SAO FRANCISCO,232,JAIR MESSIAS BOLSONARO,1087
70718,SANTOS,118,JAIR MESSIAS BOLSONARO,48086
69612,RIBEIRAO BRANCO,53,JAIR MESSIAS BOLSONARO,5242
62065,ARCO-IRIS,143,JAIR MESSIAS BOLSONARO,987
68756,PIRACICABA,270,JAIR MESSIAS BOLSONARO,76724
61921,ZACARIAS,214,JAIR MESSIAS BOLSONARO,1132
61808,PONTALINDA,152,JAIR MESSIAS BOLSONARO,1210
71072,SAO PAULO,256,JAIR MESSIAS BOLSONARO,80750
68195,PARANAPUA,427,JAIR MESSIAS BOLSONARO,1506
61557,ARACATUBA,299,JAIR MESSIAS BOLSONARO,40656
61158,ALFREDO MARCONDES,182,JAIR MESSIAS BOLSONARO,1880
67890,OSASCO,276,JAIR MESSIAS BOLSONARO,38358
67334,MONTE CASTELO,175,JAIR MESSIAS BOLSONARO,1439
64572,GUARACAI,153,JAIR MESSIAS BOLSONARO,3233
61735,ARIRANHA,111,JAIR MESSIAS BOLSONARO,3668
65293,IRACEMAPOLIS,243,JAIR MESSIAS BOLSONARO,10139
67539,NHANDEARA,162,JAIR MESSIAS BOLSONARO,4335
62340,"NANTES",106,JAIR MESSIAS BOLSONARO,924
